--------------------------------------------------------
--  파일이 생성됨 - 화요일-12월-17-2024   
--------------------------------------------------------
DROP SEQUENCE "ITD2024"."CART_SEQ";
DROP SEQUENCE "ITD2024"."DELIVERY_SEQ";
DROP SEQUENCE "ITD2024"."EXAMPLE_SEQ";
DROP SEQUENCE "ITD2024"."INQUIRY_SEQ";
DROP SEQUENCE "ITD2024"."INVENTORY_SEQ";
DROP SEQUENCE "ITD2024"."NOTICE_SEQ";
DROP SEQUENCE "ITD2024"."ORDER_SEQ";
DROP SEQUENCE "ITD2024"."PAYMENT_SEQ";
DROP SEQUENCE "ITD2024"."PRODUCT_SEQ";
DROP SEQUENCE "ITD2024"."REVIEW_SEQ";
DROP TABLE "ITD2024"."TB_CART";
DROP TABLE "ITD2024"."TB_DELIVERY";
DROP TABLE "ITD2024"."TB_EXAMPLE";
DROP TABLE "ITD2024"."TB_FILE_DB";
DROP TABLE "ITD2024"."TB_INQUIRY";
DROP TABLE "ITD2024"."TB_INVENTORY";
DROP TABLE "ITD2024"."TB_MEMBER";
DROP TABLE "ITD2024"."TB_NOTICE";
DROP TABLE "ITD2024"."TB_ORDER";
DROP TABLE "ITD2024"."TB_PAYMENT";
DROP TABLE "ITD2024"."TB_PRODUCT";
DROP TABLE "ITD2024"."TB_REVIEW";
DROP TABLE "ITD2024"."TB_SIZE";
DROP VIEW "ITD2024"."VIEW_FILE_DB";
--------------------------------------------------------
--  DDL for Sequence CART_SEQ
--------------------------------------------------------

   CREATE SEQUENCE  "ITD2024"."CART_SEQ"  MINVALUE 1 MAXVALUE 9999 INCREMENT BY 1 START WITH 45 NOCACHE  NOORDER  NOCYCLE  NOKEEP  NOSCALE  GLOBAL ;
--------------------------------------------------------
--  DDL for Sequence DELIVERY_SEQ
--------------------------------------------------------

   CREATE SEQUENCE  "ITD2024"."DELIVERY_SEQ"  MINVALUE 1 MAXVALUE 9999 INCREMENT BY 1 START WITH 3 NOCACHE  NOORDER  NOCYCLE  NOKEEP  NOSCALE  GLOBAL ;
--------------------------------------------------------
--  DDL for Sequence EXAMPLE_SEQ
--------------------------------------------------------

   CREATE SEQUENCE  "ITD2024"."EXAMPLE_SEQ"  MINVALUE 1 MAXVALUE 9999 INCREMENT BY 1 START WITH 8 NOCACHE  NOORDER  NOCYCLE  NOKEEP  NOSCALE  GLOBAL ;
--------------------------------------------------------
--  DDL for Sequence INQUIRY_SEQ
--------------------------------------------------------

   CREATE SEQUENCE  "ITD2024"."INQUIRY_SEQ"  MINVALUE 1 MAXVALUE 9999 INCREMENT BY 1 START WITH 124 NOCACHE  NOORDER  NOCYCLE  NOKEEP  NOSCALE  GLOBAL ;
--------------------------------------------------------
--  DDL for Sequence INVENTORY_SEQ
--------------------------------------------------------

   CREATE SEQUENCE  "ITD2024"."INVENTORY_SEQ"  MINVALUE 1 MAXVALUE 9999 INCREMENT BY 1 START WITH 1 NOCACHE  NOORDER  NOCYCLE  NOKEEP  NOSCALE  GLOBAL ;
--------------------------------------------------------
--  DDL for Sequence NOTICE_SEQ
--------------------------------------------------------

   CREATE SEQUENCE  "ITD2024"."NOTICE_SEQ"  MINVALUE 1 MAXVALUE 9999 INCREMENT BY 1 START WITH 70 NOCACHE  NOORDER  NOCYCLE  NOKEEP  NOSCALE  GLOBAL ;
--------------------------------------------------------
--  DDL for Sequence ORDER_SEQ
--------------------------------------------------------

   CREATE SEQUENCE  "ITD2024"."ORDER_SEQ"  MINVALUE 1 MAXVALUE 9999 INCREMENT BY 1 START WITH 280 NOCACHE  NOORDER  NOCYCLE  NOKEEP  NOSCALE  GLOBAL ;
--------------------------------------------------------
--  DDL for Sequence PAYMENT_SEQ
--------------------------------------------------------

   CREATE SEQUENCE  "ITD2024"."PAYMENT_SEQ"  MINVALUE 1 MAXVALUE 9999 INCREMENT BY 1 START WITH 174 NOCACHE  NOORDER  NOCYCLE  NOKEEP  NOSCALE  GLOBAL ;
--------------------------------------------------------
--  DDL for Sequence PRODUCT_SEQ
--------------------------------------------------------

   CREATE SEQUENCE  "ITD2024"."PRODUCT_SEQ"  MINVALUE 1 MAXVALUE 9999 INCREMENT BY 1 START WITH 298 NOCACHE  NOORDER  NOCYCLE  NOKEEP  NOSCALE  GLOBAL ;
--------------------------------------------------------
--  DDL for Sequence REVIEW_SEQ
--------------------------------------------------------

   CREATE SEQUENCE  "ITD2024"."REVIEW_SEQ"  MINVALUE 1 MAXVALUE 9999 INCREMENT BY 1 START WITH 9 NOCACHE  NOORDER  NOCYCLE  NOKEEP  NOSCALE  GLOBAL ;
--------------------------------------------------------
--  DDL for Table TB_CART
--------------------------------------------------------

  CREATE TABLE "ITD2024"."TB_CART" 
   (	"CAID" VARCHAR2(100 BYTE), 
	"PRID" VARCHAR2(100 BYTE), 
	"SIID" VARCHAR2(100 BYTE), 
	"COLOR" VARCHAR2(100 BYTE), 
	"QUANTITY" NUMBER(30,0) DEFAULT 0, 
	"EMAIL" VARCHAR2(100 BYTE), 
	"INSERT_TIME" VARCHAR2(100 BYTE) DEFAULT TO_CHAR(SYSDATE,'YYYY/MM/DD HH24:MI:SS'), 
	"UPDATE_TIME" VARCHAR2(100 BYTE) DEFAULT NULL
   ) SEGMENT CREATION IMMEDIATE 
  PCTFREE 10 PCTUSED 40 INITRANS 1 MAXTRANS 255 
 NOCOMPRESS LOGGING
  STORAGE(INITIAL 65536 NEXT 1048576 MINEXTENTS 1 MAXEXTENTS 2147483645
  PCTINCREASE 0 FREELISTS 1 FREELIST GROUPS 1
  BUFFER_POOL DEFAULT FLASH_CACHE DEFAULT CELL_FLASH_CACHE DEFAULT)
  TABLESPACE "USERS" ;

   COMMENT ON COLUMN "ITD2024"."TB_CART"."CAID" IS '고유ID';
   COMMENT ON COLUMN "ITD2024"."TB_CART"."PRID" IS '상품ID';
   COMMENT ON COLUMN "ITD2024"."TB_CART"."SIID" IS '사이즈ID';
   COMMENT ON COLUMN "ITD2024"."TB_CART"."COLOR" IS '색깔';
   COMMENT ON COLUMN "ITD2024"."TB_CART"."QUANTITY" IS '개수';
   COMMENT ON COLUMN "ITD2024"."TB_CART"."EMAIL" IS '이메일ID';
   COMMENT ON COLUMN "ITD2024"."TB_CART"."INSERT_TIME" IS '등록날짜';
   COMMENT ON COLUMN "ITD2024"."TB_CART"."UPDATE_TIME" IS '수정날짜';
--------------------------------------------------------
--  DDL for Table TB_DELIVERY
--------------------------------------------------------

  CREATE TABLE "ITD2024"."TB_DELIVERY" 
   (	"DEID" VARCHAR2(100 BYTE), 
	"CODE" VARCHAR2(100 BYTE), 
	"COURIER" VARCHAR2(100 BYTE) DEFAULT 'CJ택배', 
	"STATE" VARCHAR2(100 BYTE) DEFAULT '주문완료', 
	"EMAIL" VARCHAR2(100 BYTE), 
	"ORDER_ADDRESS" VARCHAR2(1000 BYTE), 
	"ORDER_ZIP_CODE" VARCHAR2(100 BYTE), 
	"CONSIGNEE_NAME" VARCHAR2(100 BYTE), 
	"CONSIGNEE_PHONE_NUMBER" VARCHAR2(100 BYTE), 
	"CONSIGNEE_ADDRESS" VARCHAR2(1000 BYTE), 
	"CONSIGNEE_ZIP_CODE" VARCHAR2(100 BYTE), 
	"PAID" VARCHAR2(100 BYTE), 
	"INSERT_TIME" VARCHAR2(100 BYTE) DEFAULT TO_CHAR(SYSDATE,'YYYY/MM/DD HH24:MI:SS'), 
	"DELETE_TIME" VARCHAR2(100 BYTE) DEFAULT NULL
   ) SEGMENT CREATION IMMEDIATE 
  PCTFREE 10 PCTUSED 40 INITRANS 1 MAXTRANS 255 
 NOCOMPRESS LOGGING
  STORAGE(INITIAL 65536 NEXT 1048576 MINEXTENTS 1 MAXEXTENTS 2147483645
  PCTINCREASE 0 FREELISTS 1 FREELIST GROUPS 1
  BUFFER_POOL DEFAULT FLASH_CACHE DEFAULT CELL_FLASH_CACHE DEFAULT)
  TABLESPACE "USERS" ;

   COMMENT ON COLUMN "ITD2024"."TB_DELIVERY"."DEID" IS '고유ID';
   COMMENT ON COLUMN "ITD2024"."TB_DELIVERY"."CODE" IS '배송코드';
   COMMENT ON COLUMN "ITD2024"."TB_DELIVERY"."COURIER" IS '택배사';
   COMMENT ON COLUMN "ITD2024"."TB_DELIVERY"."STATE" IS '배송상태';
   COMMENT ON COLUMN "ITD2024"."TB_DELIVERY"."EMAIL" IS '이메일ID';
   COMMENT ON COLUMN "ITD2024"."TB_DELIVERY"."ORDER_ADDRESS" IS '주문자주소';
   COMMENT ON COLUMN "ITD2024"."TB_DELIVERY"."ORDER_ZIP_CODE" IS '주문자우편번호';
   COMMENT ON COLUMN "ITD2024"."TB_DELIVERY"."CONSIGNEE_NAME" IS '수취인이름';
   COMMENT ON COLUMN "ITD2024"."TB_DELIVERY"."CONSIGNEE_PHONE_NUMBER" IS '수취인전화번호';
   COMMENT ON COLUMN "ITD2024"."TB_DELIVERY"."CONSIGNEE_ADDRESS" IS '수취인주소';
   COMMENT ON COLUMN "ITD2024"."TB_DELIVERY"."CONSIGNEE_ZIP_CODE" IS '수취인우편번호';
   COMMENT ON COLUMN "ITD2024"."TB_DELIVERY"."PAID" IS '결제ID';
   COMMENT ON COLUMN "ITD2024"."TB_DELIVERY"."INSERT_TIME" IS '등록날짜';
   COMMENT ON COLUMN "ITD2024"."TB_DELIVERY"."DELETE_TIME" IS '취소날짜';
--------------------------------------------------------
--  DDL for Table TB_EXAMPLE
--------------------------------------------------------

  CREATE TABLE "ITD2024"."TB_EXAMPLE" 
   (	"EXID" VARCHAR2(100 BYTE), 
	"TITLE" VARCHAR2(500 BYTE), 
	"CONTENTS" VARCHAR2(3000 BYTE) DEFAULT NULL, 
	"INSERT_TIME" VARCHAR2(100 BYTE) DEFAULT TO_CHAR(SYSDATE,'YYYY/MM/DD HH24:MI:SS'), 
	"UPDATE_TIME" VARCHAR2(100 BYTE) DEFAULT NULL
   ) SEGMENT CREATION IMMEDIATE 
  PCTFREE 10 PCTUSED 40 INITRANS 1 MAXTRANS 255 
 NOCOMPRESS LOGGING
  STORAGE(INITIAL 65536 NEXT 1048576 MINEXTENTS 1 MAXEXTENTS 2147483645
  PCTINCREASE 0 FREELISTS 1 FREELIST GROUPS 1
  BUFFER_POOL DEFAULT FLASH_CACHE DEFAULT CELL_FLASH_CACHE DEFAULT)
  TABLESPACE "USERS" ;

   COMMENT ON COLUMN "ITD2024"."TB_EXAMPLE"."EXID" IS '고유ID';
   COMMENT ON COLUMN "ITD2024"."TB_EXAMPLE"."TITLE" IS '제목';
   COMMENT ON COLUMN "ITD2024"."TB_EXAMPLE"."CONTENTS" IS '작성내용';
   COMMENT ON COLUMN "ITD2024"."TB_EXAMPLE"."INSERT_TIME" IS '등록날짜';
   COMMENT ON COLUMN "ITD2024"."TB_EXAMPLE"."UPDATE_TIME" IS '수정날짜';
--------------------------------------------------------
--  DDL for Table TB_FILE_DB
--------------------------------------------------------

  CREATE TABLE "ITD2024"."TB_FILE_DB" 
   (	"UUID" VARCHAR2(1000 BYTE), 
	"PRID" VARCHAR2(20 BYTE), 
	"FILE_DATA" BLOB, 
	"FILE_URL" VARCHAR2(1000 BYTE), 
	"INSERT_TIME" VARCHAR2(100 BYTE) DEFAULT TO_CHAR(SYSDATE,'YYYY/MM/DD HH24:MI:SS'), 
	"UPDATE_TIME" VARCHAR2(100 BYTE)
   ) SEGMENT CREATION IMMEDIATE 
  PCTFREE 10 PCTUSED 40 INITRANS 1 MAXTRANS 255 
 NOCOMPRESS LOGGING
  STORAGE(INITIAL 65536 NEXT 1048576 MINEXTENTS 1 MAXEXTENTS 2147483645
  PCTINCREASE 0 FREELISTS 1 FREELIST GROUPS 1
  BUFFER_POOL DEFAULT FLASH_CACHE DEFAULT CELL_FLASH_CACHE DEFAULT)
  TABLESPACE "USERS" 
 LOB ("FILE_DATA") STORE AS SECUREFILE (
  TABLESPACE "USERS" ENABLE STORAGE IN ROW CHUNK 8192
  NOCACHE LOGGING  NOCOMPRESS  KEEP_DUPLICATES 
  STORAGE(INITIAL 106496 NEXT 1048576 MINEXTENTS 1 MAXEXTENTS 2147483645
  PCTINCREASE 0
  BUFFER_POOL DEFAULT FLASH_CACHE DEFAULT CELL_FLASH_CACHE DEFAULT)) ;

   COMMENT ON COLUMN "ITD2024"."TB_FILE_DB"."UUID" IS '고유ID';
   COMMENT ON COLUMN "ITD2024"."TB_FILE_DB"."PRID" IS '상품ID';
   COMMENT ON COLUMN "ITD2024"."TB_FILE_DB"."FILE_DATA" IS '파일데이터';
   COMMENT ON COLUMN "ITD2024"."TB_FILE_DB"."FILE_URL" IS '파일주소';
   COMMENT ON COLUMN "ITD2024"."TB_FILE_DB"."INSERT_TIME" IS '등록날짜';
   COMMENT ON COLUMN "ITD2024"."TB_FILE_DB"."UPDATE_TIME" IS '수정날짜';
--------------------------------------------------------
--  DDL for Table TB_INQUIRY
--------------------------------------------------------

  CREATE TABLE "ITD2024"."TB_INQUIRY" 
   (	"IQID" VARCHAR2(100 BYTE), 
	"TITLE" VARCHAR2(1000 BYTE) DEFAULT NULL, 
	"CONTENTS" VARCHAR2(3000 BYTE) DEFAULT NULL, 
	"WRITER" VARCHAR2(100 BYTE), 
	"REID" VARCHAR2(100 BYTE) DEFAULT NULL, 
	"INSERT_TIME" VARCHAR2(100 BYTE) DEFAULT TO_CHAR(SYSDATE,'YYYY/MM/DD HH24:MI:SS'), 
	"UPDATE_TIME" VARCHAR2(100 BYTE) DEFAULT NULL
   ) SEGMENT CREATION IMMEDIATE 
  PCTFREE 10 PCTUSED 40 INITRANS 1 MAXTRANS 255 
 NOCOMPRESS LOGGING
  STORAGE(INITIAL 65536 NEXT 1048576 MINEXTENTS 1 MAXEXTENTS 2147483645
  PCTINCREASE 0 FREELISTS 1 FREELIST GROUPS 1
  BUFFER_POOL DEFAULT FLASH_CACHE DEFAULT CELL_FLASH_CACHE DEFAULT)
  TABLESPACE "USERS" ;

   COMMENT ON COLUMN "ITD2024"."TB_INQUIRY"."IQID" IS '고유ID';
   COMMENT ON COLUMN "ITD2024"."TB_INQUIRY"."TITLE" IS '제목';
   COMMENT ON COLUMN "ITD2024"."TB_INQUIRY"."CONTENTS" IS '내용';
   COMMENT ON COLUMN "ITD2024"."TB_INQUIRY"."WRITER" IS '작성자';
   COMMENT ON COLUMN "ITD2024"."TB_INQUIRY"."REID" IS '문의ID';
   COMMENT ON COLUMN "ITD2024"."TB_INQUIRY"."INSERT_TIME" IS '등록날짜';
   COMMENT ON COLUMN "ITD2024"."TB_INQUIRY"."UPDATE_TIME" IS '수정날짜';
--------------------------------------------------------
--  DDL for Table TB_INVENTORY
--------------------------------------------------------

  CREATE TABLE "ITD2024"."TB_INVENTORY" 
   (	"INID" VARCHAR2(100 BYTE), 
	"PRID" VARCHAR2(100 BYTE), 
	"SIID" VARCHAR2(100 BYTE), 
	"COLOR" VARCHAR2(100 BYTE), 
	"QUANTITY" NUMBER(30,0) DEFAULT 0, 
	"INSERT_TIME" VARCHAR2(100 BYTE) DEFAULT TO_CHAR(SYSDATE,'YYYY/MM/DD HH24:MI:SS'), 
	"UPDATE_TIME" VARCHAR2(100 BYTE) DEFAULT NULL
   ) SEGMENT CREATION DEFERRED 
  PCTFREE 10 PCTUSED 40 INITRANS 1 MAXTRANS 255 
 NOCOMPRESS LOGGING
  TABLESPACE "USERS" ;

   COMMENT ON COLUMN "ITD2024"."TB_INVENTORY"."INID" IS '고유ID';
   COMMENT ON COLUMN "ITD2024"."TB_INVENTORY"."PRID" IS '상품ID';
   COMMENT ON COLUMN "ITD2024"."TB_INVENTORY"."SIID" IS '사이즈ID';
   COMMENT ON COLUMN "ITD2024"."TB_INVENTORY"."COLOR" IS '색깔';
   COMMENT ON COLUMN "ITD2024"."TB_INVENTORY"."QUANTITY" IS '개수';
   COMMENT ON COLUMN "ITD2024"."TB_INVENTORY"."INSERT_TIME" IS '등록날짜';
   COMMENT ON COLUMN "ITD2024"."TB_INVENTORY"."UPDATE_TIME" IS '수정날짜';
--------------------------------------------------------
--  DDL for Table TB_MEMBER
--------------------------------------------------------

  CREATE TABLE "ITD2024"."TB_MEMBER" 
   (	"EMAIL" VARCHAR2(100 BYTE), 
	"PASSWORD" VARCHAR2(1000 BYTE), 
	"NAME" VARCHAR2(100 BYTE), 
	"PHONE_NUMBER" VARCHAR2(100 BYTE), 
	"CODE_NAME" VARCHAR2(100 BYTE) DEFAULT 'ROLE_USER', 
	"INSERT_TIME" VARCHAR2(100 BYTE) DEFAULT TO_CHAR(SYSDATE,'YYYY/MM/DD HH24:MI:SS'), 
	"UPDATE_TIME" VARCHAR2(100 BYTE) DEFAULT NULL
   ) SEGMENT CREATION IMMEDIATE 
  PCTFREE 10 PCTUSED 40 INITRANS 1 MAXTRANS 255 
 NOCOMPRESS LOGGING
  STORAGE(INITIAL 65536 NEXT 1048576 MINEXTENTS 1 MAXEXTENTS 2147483645
  PCTINCREASE 0 FREELISTS 1 FREELIST GROUPS 1
  BUFFER_POOL DEFAULT FLASH_CACHE DEFAULT CELL_FLASH_CACHE DEFAULT)
  TABLESPACE "USERS" ;

   COMMENT ON COLUMN "ITD2024"."TB_MEMBER"."EMAIL" IS '이메일';
   COMMENT ON COLUMN "ITD2024"."TB_MEMBER"."PASSWORD" IS '비밀번호';
   COMMENT ON COLUMN "ITD2024"."TB_MEMBER"."NAME" IS '이름';
   COMMENT ON COLUMN "ITD2024"."TB_MEMBER"."PHONE_NUMBER" IS '전화번호';
   COMMENT ON COLUMN "ITD2024"."TB_MEMBER"."CODE_NAME" IS '등급';
   COMMENT ON COLUMN "ITD2024"."TB_MEMBER"."INSERT_TIME" IS '등록날짜';
   COMMENT ON COLUMN "ITD2024"."TB_MEMBER"."UPDATE_TIME" IS '수정날짜';
--------------------------------------------------------
--  DDL for Table TB_NOTICE
--------------------------------------------------------

  CREATE TABLE "ITD2024"."TB_NOTICE" 
   (	"NOID" VARCHAR2(100 BYTE), 
	"UUID" VARCHAR2(1000 BYTE), 
	"TITLE" VARCHAR2(1000 BYTE), 
	"CONTENTS" VARCHAR2(3000 BYTE) DEFAULT NULL, 
	"IMAGE_URL" VARCHAR2(1000 BYTE) DEFAULT NULL, 
	"FILE_DATA" BLOB DEFAULT NULL, 
	"WRITER" VARCHAR2(100 BYTE), 
	"INSERT_TIME" VARCHAR2(100 BYTE) DEFAULT TO_CHAR(SYSDATE,'YYYY/MM/DD HH24:MI:SS'), 
	"UPDATE_TIME" VARCHAR2(100 BYTE) DEFAULT NULL
   ) SEGMENT CREATION IMMEDIATE 
  PCTFREE 10 PCTUSED 40 INITRANS 1 MAXTRANS 255 
 NOCOMPRESS LOGGING
  STORAGE(INITIAL 65536 NEXT 1048576 MINEXTENTS 1 MAXEXTENTS 2147483645
  PCTINCREASE 0 FREELISTS 1 FREELIST GROUPS 1
  BUFFER_POOL DEFAULT FLASH_CACHE DEFAULT CELL_FLASH_CACHE DEFAULT)
  TABLESPACE "USERS" 
 LOB ("FILE_DATA") STORE AS SECUREFILE (
  TABLESPACE "USERS" ENABLE STORAGE IN ROW CHUNK 8192
  NOCACHE LOGGING  NOCOMPRESS  KEEP_DUPLICATES 
  STORAGE(INITIAL 106496 NEXT 1048576 MINEXTENTS 1 MAXEXTENTS 2147483645
  PCTINCREASE 0
  BUFFER_POOL DEFAULT FLASH_CACHE DEFAULT CELL_FLASH_CACHE DEFAULT)) ;

   COMMENT ON COLUMN "ITD2024"."TB_NOTICE"."NOID" IS '고유ID';
   COMMENT ON COLUMN "ITD2024"."TB_NOTICE"."UUID" IS '유일ID';
   COMMENT ON COLUMN "ITD2024"."TB_NOTICE"."TITLE" IS '제목';
   COMMENT ON COLUMN "ITD2024"."TB_NOTICE"."CONTENTS" IS '내용';
   COMMENT ON COLUMN "ITD2024"."TB_NOTICE"."IMAGE_URL" IS '이미지';
   COMMENT ON COLUMN "ITD2024"."TB_NOTICE"."FILE_DATA" IS '파일데이터';
   COMMENT ON COLUMN "ITD2024"."TB_NOTICE"."WRITER" IS '작성자';
   COMMENT ON COLUMN "ITD2024"."TB_NOTICE"."INSERT_TIME" IS '등록날짜';
   COMMENT ON COLUMN "ITD2024"."TB_NOTICE"."UPDATE_TIME" IS '수정날짜';
--------------------------------------------------------
--  DDL for Table TB_ORDER
--------------------------------------------------------

  CREATE TABLE "ITD2024"."TB_ORDER" 
   (	"ORID" VARCHAR2(100 BYTE), 
	"PRID" VARCHAR2(100 BYTE), 
	"SIID" VARCHAR2(100 BYTE), 
	"COLOR" VARCHAR2(100 BYTE), 
	"QUANTITY" NUMBER(30,0) DEFAULT 0, 
	"PAID" VARCHAR2(100 BYTE), 
	"EMAIL" VARCHAR2(100 BYTE), 
	"INSERT_TIME" VARCHAR2(100 BYTE) DEFAULT TO_CHAR(SYSDATE,'YYYY/MM/DD HH24:MI:SS'), 
	"DELETE_TIME" VARCHAR2(100 BYTE) DEFAULT NULL
   ) SEGMENT CREATION IMMEDIATE 
  PCTFREE 10 PCTUSED 40 INITRANS 1 MAXTRANS 255 
 NOCOMPRESS LOGGING
  STORAGE(INITIAL 65536 NEXT 1048576 MINEXTENTS 1 MAXEXTENTS 2147483645
  PCTINCREASE 0 FREELISTS 1 FREELIST GROUPS 1
  BUFFER_POOL DEFAULT FLASH_CACHE DEFAULT CELL_FLASH_CACHE DEFAULT)
  TABLESPACE "USERS" ;

   COMMENT ON COLUMN "ITD2024"."TB_ORDER"."ORID" IS '고유ID';
   COMMENT ON COLUMN "ITD2024"."TB_ORDER"."PRID" IS '상품ID';
   COMMENT ON COLUMN "ITD2024"."TB_ORDER"."SIID" IS '사이즈ID';
   COMMENT ON COLUMN "ITD2024"."TB_ORDER"."COLOR" IS '색깔';
   COMMENT ON COLUMN "ITD2024"."TB_ORDER"."QUANTITY" IS '개수';
   COMMENT ON COLUMN "ITD2024"."TB_ORDER"."PAID" IS '결제ID';
   COMMENT ON COLUMN "ITD2024"."TB_ORDER"."EMAIL" IS '이메일ID';
   COMMENT ON COLUMN "ITD2024"."TB_ORDER"."INSERT_TIME" IS '등록날짜';
   COMMENT ON COLUMN "ITD2024"."TB_ORDER"."DELETE_TIME" IS '취소날짜';
--------------------------------------------------------
--  DDL for Table TB_PAYMENT
--------------------------------------------------------

  CREATE TABLE "ITD2024"."TB_PAYMENT" 
   (	"PAID" VARCHAR2(100 BYTE), 
	"CODE" VARCHAR2(100 BYTE), 
	"PAY_TYPE" VARCHAR2(100 BYTE), 
	"TOTAL_PRICE" NUMBER(30,0), 
	"EMAIL" VARCHAR2(100 BYTE), 
	"INSERT_TIME" VARCHAR2(100 BYTE) DEFAULT TO_CHAR(SYSDATE,'YYYY/MM/DD HH24:MI:SS'), 
	"DELETE_TIME" VARCHAR2(100 BYTE) DEFAULT NULL
   ) SEGMENT CREATION IMMEDIATE 
  PCTFREE 10 PCTUSED 40 INITRANS 1 MAXTRANS 255 
 NOCOMPRESS LOGGING
  STORAGE(INITIAL 65536 NEXT 1048576 MINEXTENTS 1 MAXEXTENTS 2147483645
  PCTINCREASE 0 FREELISTS 1 FREELIST GROUPS 1
  BUFFER_POOL DEFAULT FLASH_CACHE DEFAULT CELL_FLASH_CACHE DEFAULT)
  TABLESPACE "USERS" ;

   COMMENT ON COLUMN "ITD2024"."TB_PAYMENT"."PAID" IS '고유ID';
   COMMENT ON COLUMN "ITD2024"."TB_PAYMENT"."CODE" IS '결제코드';
   COMMENT ON COLUMN "ITD2024"."TB_PAYMENT"."PAY_TYPE" IS '결제방식';
   COMMENT ON COLUMN "ITD2024"."TB_PAYMENT"."TOTAL_PRICE" IS '결제금액';
   COMMENT ON COLUMN "ITD2024"."TB_PAYMENT"."EMAIL" IS '이메일ID';
   COMMENT ON COLUMN "ITD2024"."TB_PAYMENT"."INSERT_TIME" IS '결제날짜';
   COMMENT ON COLUMN "ITD2024"."TB_PAYMENT"."DELETE_TIME" IS '취소날짜';
--------------------------------------------------------
--  DDL for Table TB_PRODUCT
--------------------------------------------------------

  CREATE TABLE "ITD2024"."TB_PRODUCT" 
   (	"PRID" VARCHAR2(100 BYTE), 
	"CODE" VARCHAR2(100 BYTE), 
	"NAME" VARCHAR2(300 BYTE), 
	"KAREGORIE" VARCHAR2(100 BYTE) DEFAULT NULL, 
	"GENDER" VARCHAR2(100 BYTE) DEFAULT 'public', 
	"PRICE" NUMBER(30,0) DEFAULT 0, 
	"CONTENTS" VARCHAR2(3000 BYTE) DEFAULT NULL, 
	"SALES" NUMBER(30,0) DEFAULT 0, 
	"INSERT_TIME" VARCHAR2(100 BYTE) DEFAULT TO_CHAR(SYSDATE,'YYYY/MM/DD HH24:MI:SS'), 
	"UPDATE_TIME" VARCHAR2(100 BYTE) DEFAULT NULL
   ) SEGMENT CREATION IMMEDIATE 
  PCTFREE 10 PCTUSED 40 INITRANS 1 MAXTRANS 255 
 NOCOMPRESS LOGGING
  STORAGE(INITIAL 65536 NEXT 1048576 MINEXTENTS 1 MAXEXTENTS 2147483645
  PCTINCREASE 0 FREELISTS 1 FREELIST GROUPS 1
  BUFFER_POOL DEFAULT FLASH_CACHE DEFAULT CELL_FLASH_CACHE DEFAULT)
  TABLESPACE "USERS" ;

   COMMENT ON COLUMN "ITD2024"."TB_PRODUCT"."PRID" IS '고유ID';
   COMMENT ON COLUMN "ITD2024"."TB_PRODUCT"."CODE" IS '상품코드';
   COMMENT ON COLUMN "ITD2024"."TB_PRODUCT"."KAREGORIE" IS '카테고리';
   COMMENT ON COLUMN "ITD2024"."TB_PRODUCT"."GENDER" IS '착용구분';
   COMMENT ON COLUMN "ITD2024"."TB_PRODUCT"."PRICE" IS '단일가격';
   COMMENT ON COLUMN "ITD2024"."TB_PRODUCT"."CONTENTS" IS '상세내용';
   COMMENT ON COLUMN "ITD2024"."TB_PRODUCT"."INSERT_TIME" IS '등록날짜';
   COMMENT ON COLUMN "ITD2024"."TB_PRODUCT"."UPDATE_TIME" IS '수정날짜';
   COMMENT ON COLUMN "ITD2024"."TB_PRODUCT"."NAME" IS '상품명';
   COMMENT ON COLUMN "ITD2024"."TB_PRODUCT"."SALES" IS '판매량';
--------------------------------------------------------
--  DDL for Table TB_REVIEW
--------------------------------------------------------

  CREATE TABLE "ITD2024"."TB_REVIEW" 
   (	"RVID" VARCHAR2(100 BYTE), 
	"PRID" VARCHAR2(100 BYTE), 
	"CONTENTS" VARCHAR2(3000 BYTE) DEFAULT NULL, 
	"WRITER" VARCHAR2(100 BYTE), 
	"INSERT_TIME" VARCHAR2(100 BYTE) DEFAULT TO_CHAR(SYSDATE,'YYYY/MM/DD HH24:MI:SS'), 
	"UPDATE_TIME" VARCHAR2(100 BYTE) DEFAULT NULL
   ) SEGMENT CREATION IMMEDIATE 
  PCTFREE 10 PCTUSED 40 INITRANS 1 MAXTRANS 255 
 NOCOMPRESS LOGGING
  STORAGE(INITIAL 65536 NEXT 1048576 MINEXTENTS 1 MAXEXTENTS 2147483645
  PCTINCREASE 0 FREELISTS 1 FREELIST GROUPS 1
  BUFFER_POOL DEFAULT FLASH_CACHE DEFAULT CELL_FLASH_CACHE DEFAULT)
  TABLESPACE "USERS" ;

   COMMENT ON COLUMN "ITD2024"."TB_REVIEW"."RVID" IS '고유ID';
   COMMENT ON COLUMN "ITD2024"."TB_REVIEW"."PRID" IS '상품ID';
   COMMENT ON COLUMN "ITD2024"."TB_REVIEW"."CONTENTS" IS '내용';
   COMMENT ON COLUMN "ITD2024"."TB_REVIEW"."WRITER" IS '작성자';
   COMMENT ON COLUMN "ITD2024"."TB_REVIEW"."INSERT_TIME" IS '등록날짜';
   COMMENT ON COLUMN "ITD2024"."TB_REVIEW"."UPDATE_TIME" IS '수정날짜';
--------------------------------------------------------
--  DDL for Table TB_SIZE
--------------------------------------------------------

  CREATE TABLE "ITD2024"."TB_SIZE" 
   (	"SIID" VARCHAR2(100 BYTE), 
	"SHOULDER" VARCHAR2(100 BYTE), 
	"ARMS" VARCHAR2(100 BYTE), 
	"WAIST" VARCHAR2(100 BYTE), 
	"SLEEVE" VARCHAR2(100 BYTE), 
	"LENGTH" VARCHAR2(100 BYTE), 
	"MEN_SIZE" VARCHAR2(100 BYTE) DEFAULT NULL, 
	"WOMAN_SIZE" VARCHAR2(100 BYTE) DEFAULT NULL, 
	"PLUS_PRICE" NUMBER(30,0) DEFAULT 0, 
	"INSERT_TIME" VARCHAR2(100 BYTE) DEFAULT TO_CHAR(SYSDATE,'YYYY/MM/DD HH24:MI:SS'), 
	"UPDATE_TIME" VARCHAR2(100 BYTE)
   ) SEGMENT CREATION IMMEDIATE 
  PCTFREE 10 PCTUSED 40 INITRANS 1 MAXTRANS 255 
 NOCOMPRESS LOGGING
  STORAGE(INITIAL 65536 NEXT 1048576 MINEXTENTS 1 MAXEXTENTS 2147483645
  PCTINCREASE 0 FREELISTS 1 FREELIST GROUPS 1
  BUFFER_POOL DEFAULT FLASH_CACHE DEFAULT CELL_FLASH_CACHE DEFAULT)
  TABLESPACE "USERS" ;

   COMMENT ON COLUMN "ITD2024"."TB_SIZE"."SIID" IS '사이즈이름';
   COMMENT ON COLUMN "ITD2024"."TB_SIZE"."SHOULDER" IS '어깨';
   COMMENT ON COLUMN "ITD2024"."TB_SIZE"."ARMS" IS '팔';
   COMMENT ON COLUMN "ITD2024"."TB_SIZE"."WAIST" IS '허리';
   COMMENT ON COLUMN "ITD2024"."TB_SIZE"."SLEEVE" IS '소매';
   COMMENT ON COLUMN "ITD2024"."TB_SIZE"."LENGTH" IS '기장';
   COMMENT ON COLUMN "ITD2024"."TB_SIZE"."MEN_SIZE" IS '남성사이즈';
   COMMENT ON COLUMN "ITD2024"."TB_SIZE"."WOMAN_SIZE" IS '여성사이즈';
   COMMENT ON COLUMN "ITD2024"."TB_SIZE"."PLUS_PRICE" IS '추가가격';
   COMMENT ON COLUMN "ITD2024"."TB_SIZE"."INSERT_TIME" IS '등록날짜';
   COMMENT ON COLUMN "ITD2024"."TB_SIZE"."UPDATE_TIME" IS '수정날짜';
--------------------------------------------------------
--  DDL for View VIEW_FILE_DB
--------------------------------------------------------

  CREATE OR REPLACE FORCE EDITIONABLE VIEW "ITD2024"."VIEW_FILE_DB" ("NUM", "UUID", "PRID", "FILE_DATA", "FILE_URL", "INSERT_TIME", "UPDATE_TIME") AS 
  SELECT ROWNUM AS NUM,UUID, PRID, FILE_DATA, FILE_URL, INSERT_TIME, UPDATE_TIME
FROM (SELECT * FROM TB_FILE_DB ORDER BY INSERT_TIME ASC)
;
REM INSERTING into ITD2024.TB_CART
SET DEFINE OFF;
Insert into ITD2024.TB_CART (CAID,PRID,SIID,COLOR,QUANTITY,EMAIL,INSERT_TIME,UPDATE_TIME) values ('CA00040','PR00262','M','BLUE',2,'milkcookie77@naver.com','2024/12/16 06:03:11',null);
Insert into ITD2024.TB_CART (CAID,PRID,SIID,COLOR,QUANTITY,EMAIL,INSERT_TIME,UPDATE_TIME) values ('CA00041','PR00262','L','BLUE',2,'milkcookie77@naver.com','2024/12/16 06:03:11',null);
Insert into ITD2024.TB_CART (CAID,PRID,SIID,COLOR,QUANTITY,EMAIL,INSERT_TIME,UPDATE_TIME) values ('CA00042','PR00262','XL','BLUE',2,'milkcookie77@naver.com','2024/12/16 06:03:11',null);
Insert into ITD2024.TB_CART (CAID,PRID,SIID,COLOR,QUANTITY,EMAIL,INSERT_TIME,UPDATE_TIME) values ('CA00043','PR00277','M','BLUE',2,'milkcookie77@naver.com','2024/12/16 06:03:43',null);
Insert into ITD2024.TB_CART (CAID,PRID,SIID,COLOR,QUANTITY,EMAIL,INSERT_TIME,UPDATE_TIME) values ('CA00044','PR00277','L','BLUE',1,'milkcookie77@naver.com','2024/12/16 06:03:43',null);
Insert into ITD2024.TB_CART (CAID,PRID,SIID,COLOR,QUANTITY,EMAIL,INSERT_TIME,UPDATE_TIME) values ('CA00033','PR00263','M','BLUE',1,'dhstofhal@naver.com','2024/12/16 00:57:03',null);
Insert into ITD2024.TB_CART (CAID,PRID,SIID,COLOR,QUANTITY,EMAIL,INSERT_TIME,UPDATE_TIME) values ('CA00034','PR00261','XL','BLUE',1,'dhstofhal@naver.com','2024/12/16 00:57:36',null);
Insert into ITD2024.TB_CART (CAID,PRID,SIID,COLOR,QUANTITY,EMAIL,INSERT_TIME,UPDATE_TIME) values ('CA00037','PR00268','M','BLUE',3,'dhstofhal@naver.com','2024/12/16 01:00:37',null);
REM INSERTING into ITD2024.TB_DELIVERY
SET DEFINE OFF;
REM INSERTING into ITD2024.TB_EXAMPLE
SET DEFINE OFF;
Insert into ITD2024.TB_EXAMPLE (EXID,TITLE,CONTENTS,INSERT_TIME,UPDATE_TIME) values ('EX00001','iOS 18 업데이트 관련 예매 서비스 이용 안내','iOS 18로 업데이트 하신 경우 안정적인 서비스 이용을 위해 최신 버전(5.0.8)의 앱으로 업데이트가 필요합니다.','2024/11/27 00:04:33',null);
Insert into ITD2024.TB_EXAMPLE (EXID,TITLE,CONTENTS,INSERT_TIME,UPDATE_TIME) values ('EX00002','<블랙핑크 월드투어 [본 핑크] 인 시네마> 무대인사 회차 휠체어석 유의사항 안내','휠체어석(장애인석) 예매고객은 본인의 신분증 및 장애인 등록증(또는 복지카드) 미지참 시 입장이 불가하며, 예매 티켓은 취소됩니다.','2024/11/27 00:04:33',null);
Insert into ITD2024.TB_EXAMPLE (EXID,TITLE,CONTENTS,INSERT_TIME,UPDATE_TIME) values ('EX00003','해피머니상품권 사용중지 안내','갑작스러운 서비스 중지 안내를 드리게 된 점 양해 부탁드리며, 더 나은 서비스를 제공하고자 노력하겠습니다.','2024/11/27 00:04:33',null);
Insert into ITD2024.TB_EXAMPLE (EXID,TITLE,CONTENTS,INSERT_TIME,UPDATE_TIME) values ('EX00004','무대인사 예매취소 정책 변경 안내','무대인사 회차에 대한 예매취소 정책을 아래와 같이 변경하오니 이용에 참고 부탁드립니다.','2024/11/27 00:04:33',null);
Insert into ITD2024.TB_EXAMPLE (EXID,TITLE,CONTENTS,INSERT_TIME,UPDATE_TIME) values ('EX00005','2024년 12월 시스템공지','점검 시간 중 CGV 홈페이지 및 모바일의 모든 서비스가 중단될 예정이오니 이용에 불편 없으시기 바랍니다.','2024/11/27 00:04:33',null);
Insert into ITD2024.TB_EXAMPLE (EXID,TITLE,CONTENTS,INSERT_TIME,UPDATE_TIME) values ('EX00006','지하주차장 전기차 이용제한 안내','최근 발생한 공동주택 전기차 화재 발생으로 건물 이용객들의 불안감 증가와 입차 제한 요청에 따라 노형타워 지하주차장 전기차 이용을 제한하게 되었습니다.','2024/11/27 00:04:33',null);
Insert into ITD2024.TB_EXAMPLE (EXID,TITLE,CONTENTS,INSERT_TIME,UPDATE_TIME) values ('EX00007','비정상적 예매티켓 모니터링 강화 안내','3월 22일 공연법 개정에 맞춰 CGV에서도 부정판매 금지를 위해 노력하고자 합니다.','2024/11/27 00:04:33',null);
REM INSERTING into ITD2024.TB_FILE_DB
SET DEFINE OFF;
Insert into ITD2024.TB_FILE_DB (UUID,PRID,FILE_URL,INSERT_TIME,UPDATE_TIME) values ('de23ed70-d47d-48ee-9219-5930529b7c4f','PR00263','http://localhost:8000/images/PR00263/model_1.png','2024/12/16 00:55:33',null);
Insert into ITD2024.TB_FILE_DB (UUID,PRID,FILE_URL,INSERT_TIME,UPDATE_TIME) values ('6c3cbe41-d483-4dd1-9df1-8f101126ee03','PR00263','http://localhost:8000/images/PR00263/model_2.jpg','2024/12/16 00:55:33',null);
Insert into ITD2024.TB_FILE_DB (UUID,PRID,FILE_URL,INSERT_TIME,UPDATE_TIME) values ('1bc12f4c-bfa6-496b-ad15-7dd75bf48240','PR00263','http://localhost:8000/images/PR00263/model_3.jpg','2024/12/16 00:55:33',null);
Insert into ITD2024.TB_FILE_DB (UUID,PRID,FILE_URL,INSERT_TIME,UPDATE_TIME) values ('6f904343-16f9-4c70-941f-2d2be5b06733','PR00263','http://localhost:8000/images/PR00263/model_bs.jpg','2024/12/16 00:55:33',null);
Insert into ITD2024.TB_FILE_DB (UUID,PRID,FILE_URL,INSERT_TIME,UPDATE_TIME) values ('199b62fe-1c2f-4d4c-86e5-cdf8cd6a0885','PR00263','http://localhost:8000/images/PR00263/model_fn.jpg','2024/12/16 00:55:33',null);
Insert into ITD2024.TB_FILE_DB (UUID,PRID,FILE_URL,INSERT_TIME,UPDATE_TIME) values ('bbd143f0-a963-441c-b502-20cd38489753','PR00263','http://localhost:8000/images/PR00263/model_lf.jpg','2024/12/16 00:55:33',null);
Insert into ITD2024.TB_FILE_DB (UUID,PRID,FILE_URL,INSERT_TIME,UPDATE_TIME) values ('becd6d30-0c99-4d96-8de5-05fd30e31c75','PR00263','http://localhost:8000/images/PR00263/model_rf.jpg','2024/12/16 00:55:33',null);
Insert into ITD2024.TB_FILE_DB (UUID,PRID,FILE_URL,INSERT_TIME,UPDATE_TIME) values ('faa0f1b2-6e3a-4306-889f-872a1d552878','PR00265','http://localhost:8000/images/PR00265/model_3.jpg','2024/12/16 00:57:14',null);
Insert into ITD2024.TB_FILE_DB (UUID,PRID,FILE_URL,INSERT_TIME,UPDATE_TIME) values ('4f14678d-4d42-4295-9004-0e24edf6966b','PR00265','http://localhost:8000/images/PR00265/model_1.png','2024/12/16 00:57:14',null);
Insert into ITD2024.TB_FILE_DB (UUID,PRID,FILE_URL,INSERT_TIME,UPDATE_TIME) values ('79e6b5cc-99df-40e0-8031-e67d6fb88f71','PR00265','http://localhost:8000/images/PR00265/model_2.jpg','2024/12/16 00:57:14',null);
Insert into ITD2024.TB_FILE_DB (UUID,PRID,FILE_URL,INSERT_TIME,UPDATE_TIME) values ('92c8b5a0-603e-4ae3-a1a3-42404a6e8eb9','PR00265','http://localhost:8000/images/PR00265/model_bs.jpg','2024/12/16 00:57:14',null);
Insert into ITD2024.TB_FILE_DB (UUID,PRID,FILE_URL,INSERT_TIME,UPDATE_TIME) values ('b4c7fb1f-8f08-4323-adf5-6410a8f91fd7','PR00265','http://localhost:8000/images/PR00265/model_fn.jpg','2024/12/16 00:57:14',null);
Insert into ITD2024.TB_FILE_DB (UUID,PRID,FILE_URL,INSERT_TIME,UPDATE_TIME) values ('fc534ce3-9b5a-48c0-a54e-6c774373f0d3','PR00265','http://localhost:8000/images/PR00265/model_lf.jpg','2024/12/16 00:57:14',null);
Insert into ITD2024.TB_FILE_DB (UUID,PRID,FILE_URL,INSERT_TIME,UPDATE_TIME) values ('28a2873d-a494-464f-8a62-1cdf0723f3fd','PR00265','http://localhost:8000/images/PR00265/model_rf.jpg','2024/12/16 00:57:14',null);
Insert into ITD2024.TB_FILE_DB (UUID,PRID,FILE_URL,INSERT_TIME,UPDATE_TIME) values ('d1f7d823-7afb-4bfd-b8d9-485b34e99b0e','PR00266','http://localhost:8000/images/PR00266/model_1.png','2024/12/16 00:58:10',null);
Insert into ITD2024.TB_FILE_DB (UUID,PRID,FILE_URL,INSERT_TIME,UPDATE_TIME) values ('1978d2a3-c88a-4320-9714-0b5474ebcfa5','PR00266','http://localhost:8000/images/PR00266/model_2.png','2024/12/16 00:58:10',null);
Insert into ITD2024.TB_FILE_DB (UUID,PRID,FILE_URL,INSERT_TIME,UPDATE_TIME) values ('b09870c9-06c8-43a1-ad07-128aa184ddbf','PR00266','http://localhost:8000/images/PR00266/model_3.png','2024/12/16 00:58:10',null);
Insert into ITD2024.TB_FILE_DB (UUID,PRID,FILE_URL,INSERT_TIME,UPDATE_TIME) values ('0ff465d2-614e-4cbb-a11f-04c0ac433b35','PR00266','http://localhost:8000/images/PR00266/model_bs.jpg','2024/12/16 00:58:10',null);
Insert into ITD2024.TB_FILE_DB (UUID,PRID,FILE_URL,INSERT_TIME,UPDATE_TIME) values ('cc012807-be69-48db-ac75-a4fa15f3d831','PR00266','http://localhost:8000/images/PR00266/model_fn.jpg','2024/12/16 00:58:10',null);
Insert into ITD2024.TB_FILE_DB (UUID,PRID,FILE_URL,INSERT_TIME,UPDATE_TIME) values ('26918b65-2f15-48a8-97bb-f7f8d8263d2f','PR00266','http://localhost:8000/images/PR00266/model_lf.jpg','2024/12/16 00:58:10',null);
Insert into ITD2024.TB_FILE_DB (UUID,PRID,FILE_URL,INSERT_TIME,UPDATE_TIME) values ('a1efe5a2-aead-4259-b547-309ce970b3ff','PR00266','http://localhost:8000/images/PR00266/model_rf.jpg','2024/12/16 00:58:10',null);
Insert into ITD2024.TB_FILE_DB (UUID,PRID,FILE_URL,INSERT_TIME,UPDATE_TIME) values ('5c01b07a-d575-42ca-9100-7e5dbe01a2dc','PR00267','http://localhost:8000/images/PR00267/model_1.png','2024/12/16 00:58:51',null);
Insert into ITD2024.TB_FILE_DB (UUID,PRID,FILE_URL,INSERT_TIME,UPDATE_TIME) values ('4fe7b47f-e4db-475e-9672-ae7cbf8bc3e3','PR00267','http://localhost:8000/images/PR00267/model_2.jpg','2024/12/16 00:58:51',null);
Insert into ITD2024.TB_FILE_DB (UUID,PRID,FILE_URL,INSERT_TIME,UPDATE_TIME) values ('ce1546ff-7c1e-4dce-9f19-80eda2e26053','PR00267','http://localhost:8000/images/PR00267/model_3.jpg','2024/12/16 00:58:51',null);
Insert into ITD2024.TB_FILE_DB (UUID,PRID,FILE_URL,INSERT_TIME,UPDATE_TIME) values ('fedc6369-122d-4783-9f39-e717d74ca2f3','PR00267','http://localhost:8000/images/PR00267/model_fn.jpg','2024/12/16 00:58:51',null);
Insert into ITD2024.TB_FILE_DB (UUID,PRID,FILE_URL,INSERT_TIME,UPDATE_TIME) values ('0bb3e36e-98a9-4fed-b9a2-98367fe0880b','PR00267','http://localhost:8000/images/PR00267/model_lf.jpg','2024/12/16 00:58:51',null);
Insert into ITD2024.TB_FILE_DB (UUID,PRID,FILE_URL,INSERT_TIME,UPDATE_TIME) values ('db1bcac6-8cd3-44be-a48a-5c3fb5f81144','PR00267','http://localhost:8000/images/PR00267/model_rf.jpg','2024/12/16 00:58:51',null);
Insert into ITD2024.TB_FILE_DB (UUID,PRID,FILE_URL,INSERT_TIME,UPDATE_TIME) values ('7eefdeab-81b5-49e5-8029-294af469fcb6','PR00268','http://localhost:8000/images/PR00268/model_1.png','2024/12/16 00:59:42',null);
Insert into ITD2024.TB_FILE_DB (UUID,PRID,FILE_URL,INSERT_TIME,UPDATE_TIME) values ('c208c879-8a1e-4a2e-b280-f3f9f43560e7','PR00268','http://localhost:8000/images/PR00268/model_2.jpg','2024/12/16 00:59:42',null);
Insert into ITD2024.TB_FILE_DB (UUID,PRID,FILE_URL,INSERT_TIME,UPDATE_TIME) values ('af3ac86a-3a8d-41b9-854c-7b3cf07bb77b','PR00268','http://localhost:8000/images/PR00268/model_3.jpg','2024/12/16 00:59:42',null);
Insert into ITD2024.TB_FILE_DB (UUID,PRID,FILE_URL,INSERT_TIME,UPDATE_TIME) values ('5cae092b-275e-48c1-95b1-1a6657f951ba','PR00268','http://localhost:8000/images/PR00268/model_bs.jpg','2024/12/16 00:59:42',null);
Insert into ITD2024.TB_FILE_DB (UUID,PRID,FILE_URL,INSERT_TIME,UPDATE_TIME) values ('2d687c37-d173-4866-b4ab-50b041f63935','PR00268','http://localhost:8000/images/PR00268/model_fn.jpg','2024/12/16 00:59:42',null);
Insert into ITD2024.TB_FILE_DB (UUID,PRID,FILE_URL,INSERT_TIME,UPDATE_TIME) values ('3aaaf6c9-de0e-4c86-845d-d18fa3c3a583','PR00268','http://localhost:8000/images/PR00268/model_lf.jpg','2024/12/16 00:59:43',null);
Insert into ITD2024.TB_FILE_DB (UUID,PRID,FILE_URL,INSERT_TIME,UPDATE_TIME) values ('7f860050-4272-4357-a094-608a91b84f41','PR00268','http://localhost:8000/images/PR00268/model_rf.jpg','2024/12/16 00:59:43',null);
Insert into ITD2024.TB_FILE_DB (UUID,PRID,FILE_URL,INSERT_TIME,UPDATE_TIME) values ('5660d808-f0e0-4e77-8397-0bb18123dc6c','PR00269','http://localhost:8000/images/PR00269/model_1.png','2024/12/16 01:01:25',null);
Insert into ITD2024.TB_FILE_DB (UUID,PRID,FILE_URL,INSERT_TIME,UPDATE_TIME) values ('dbeefe84-901a-4506-a871-9305b358e924','PR00269','http://localhost:8000/images/PR00269/model_2.jpg','2024/12/16 01:01:25',null);
Insert into ITD2024.TB_FILE_DB (UUID,PRID,FILE_URL,INSERT_TIME,UPDATE_TIME) values ('5f74183c-ada9-4759-b7bf-a84465d8334b','PR00269','http://localhost:8000/images/PR00269/model_3.jpg','2024/12/16 01:01:25',null);
Insert into ITD2024.TB_FILE_DB (UUID,PRID,FILE_URL,INSERT_TIME,UPDATE_TIME) values ('e87b827c-570e-46e0-9a78-0787ff7083c7','PR00269','http://localhost:8000/images/PR00269/model_bs.jpg','2024/12/16 01:01:25',null);
Insert into ITD2024.TB_FILE_DB (UUID,PRID,FILE_URL,INSERT_TIME,UPDATE_TIME) values ('c010b1e4-d1a4-4fe7-b1e0-9795eec1d94e','PR00269','http://localhost:8000/images/PR00269/model_fn.jpg','2024/12/16 01:01:26',null);
Insert into ITD2024.TB_FILE_DB (UUID,PRID,FILE_URL,INSERT_TIME,UPDATE_TIME) values ('251636c5-b90f-485a-a4fe-49d94af0acaa','PR00270','http://localhost:8000/images/PR00270/model_1.png','2024/12/16 01:02:59',null);
Insert into ITD2024.TB_FILE_DB (UUID,PRID,FILE_URL,INSERT_TIME,UPDATE_TIME) values ('2332c2a0-da61-41a8-b790-aab232cb220f','PR00270','http://localhost:8000/images/PR00270/model_2.jpg','2024/12/16 01:02:59',null);
Insert into ITD2024.TB_FILE_DB (UUID,PRID,FILE_URL,INSERT_TIME,UPDATE_TIME) values ('6cfb3656-6543-48df-ba82-a651a8552ffa','PR00270','http://localhost:8000/images/PR00270/model_3.jpg','2024/12/16 01:03:00',null);
Insert into ITD2024.TB_FILE_DB (UUID,PRID,FILE_URL,INSERT_TIME,UPDATE_TIME) values ('e3a8cc88-6190-45b0-b4a6-bfadda2d4a92','PR00270','http://localhost:8000/images/PR00270/model_bs.jpg','2024/12/16 01:03:00',null);
Insert into ITD2024.TB_FILE_DB (UUID,PRID,FILE_URL,INSERT_TIME,UPDATE_TIME) values ('fa0c286e-01a2-46f3-80f8-6084a8febbd5','PR00270','http://localhost:8000/images/PR00270/model_fn.jpg','2024/12/16 01:03:00',null);
Insert into ITD2024.TB_FILE_DB (UUID,PRID,FILE_URL,INSERT_TIME,UPDATE_TIME) values ('9ba2a538-3c83-495a-b8d3-d15680c1ef0f','PR00270','http://localhost:8000/images/PR00270/model_rf.jpg','2024/12/16 01:03:00',null);
Insert into ITD2024.TB_FILE_DB (UUID,PRID,FILE_URL,INSERT_TIME,UPDATE_TIME) values ('392125da-2fb3-49cf-be4d-78bdb930c78c','PR00271','http://localhost:8000/images/PR00271/model_1.jpg','2024/12/16 01:05:31',null);
Insert into ITD2024.TB_FILE_DB (UUID,PRID,FILE_URL,INSERT_TIME,UPDATE_TIME) values ('2faa12fd-4517-4791-9230-6898e2f61619','PR00271','http://localhost:8000/images/PR00271/model_2.jpg','2024/12/16 01:05:31',null);
Insert into ITD2024.TB_FILE_DB (UUID,PRID,FILE_URL,INSERT_TIME,UPDATE_TIME) values ('2d20b3c8-f27e-405e-8a69-5674e504fd69','PR00271','http://localhost:8000/images/PR00271/model_3.jpg','2024/12/16 01:05:31',null);
Insert into ITD2024.TB_FILE_DB (UUID,PRID,FILE_URL,INSERT_TIME,UPDATE_TIME) values ('c9eb5b86-985d-4863-8971-fa486988eab1','PR00271','http://localhost:8000/images/PR00271/model_bs.jpg','2024/12/16 01:05:31',null);
Insert into ITD2024.TB_FILE_DB (UUID,PRID,FILE_URL,INSERT_TIME,UPDATE_TIME) values ('d2fe182b-ae3e-4424-8f03-0d06b337b5ed','PR00271','http://localhost:8000/images/PR00271/model_fn.jpg','2024/12/16 01:05:31',null);
Insert into ITD2024.TB_FILE_DB (UUID,PRID,FILE_URL,INSERT_TIME,UPDATE_TIME) values ('7a20d47d-fdb5-4c3b-9064-5e49080f2db7','PR00271','http://localhost:8000/images/PR00271/model_lf.jpg','2024/12/16 01:05:32',null);
Insert into ITD2024.TB_FILE_DB (UUID,PRID,FILE_URL,INSERT_TIME,UPDATE_TIME) values ('2690bc66-5234-47ac-9389-b2fd9916b686','PR00271','http://localhost:8000/images/PR00271/model_rf.jpg','2024/12/16 01:05:32',null);
Insert into ITD2024.TB_FILE_DB (UUID,PRID,FILE_URL,INSERT_TIME,UPDATE_TIME) values ('84ba0637-0fea-4d63-a605-e7c285358505','PR00272','http://localhost:8000/images/PR00272/model_1.jpg','2024/12/16 01:07:22',null);
Insert into ITD2024.TB_FILE_DB (UUID,PRID,FILE_URL,INSERT_TIME,UPDATE_TIME) values ('e3ca8232-19a3-4098-80e2-e809894fd0bb','PR00272','http://localhost:8000/images/PR00272/model_2.jpg','2024/12/16 01:07:22',null);
Insert into ITD2024.TB_FILE_DB (UUID,PRID,FILE_URL,INSERT_TIME,UPDATE_TIME) values ('7bebbd20-aa2a-46d3-ac1c-1ea6eed56f24','PR00272','http://localhost:8000/images/PR00272/model_3.jpg','2024/12/16 01:07:22',null);
Insert into ITD2024.TB_FILE_DB (UUID,PRID,FILE_URL,INSERT_TIME,UPDATE_TIME) values ('292d0e41-69a5-485e-ab62-3de5b295189d','PR00272','http://localhost:8000/images/PR00272/model_bs.jpg','2024/12/16 01:07:22',null);
Insert into ITD2024.TB_FILE_DB (UUID,PRID,FILE_URL,INSERT_TIME,UPDATE_TIME) values ('d4d8681d-8d43-4b87-894c-75feaf2eeef0','PR00272','http://localhost:8000/images/PR00272/model_fn.jpg','2024/12/16 01:07:22',null);
Insert into ITD2024.TB_FILE_DB (UUID,PRID,FILE_URL,INSERT_TIME,UPDATE_TIME) values ('06aa4709-a3b0-48e8-981c-dc47b1b6cf68','PR00272','http://localhost:8000/images/PR00272/model_lf.jpg','2024/12/16 01:07:22',null);
Insert into ITD2024.TB_FILE_DB (UUID,PRID,FILE_URL,INSERT_TIME,UPDATE_TIME) values ('943ba270-7309-4cca-a8e3-38173d1fdda9','PR00273','http://localhost:8000/images/PR00273/model_1.jpg','2024/12/16 01:08:05',null);
Insert into ITD2024.TB_FILE_DB (UUID,PRID,FILE_URL,INSERT_TIME,UPDATE_TIME) values ('e5f19312-41da-4668-aab7-9c78e8c71554','PR00273','http://localhost:8000/images/PR00273/model_2.jpg','2024/12/16 01:08:05',null);
Insert into ITD2024.TB_FILE_DB (UUID,PRID,FILE_URL,INSERT_TIME,UPDATE_TIME) values ('ad6c5788-1160-4b6d-a52a-5f245df8767e','PR00273','http://localhost:8000/images/PR00273/model_3.jpg','2024/12/16 01:08:05',null);
Insert into ITD2024.TB_FILE_DB (UUID,PRID,FILE_URL,INSERT_TIME,UPDATE_TIME) values ('f24d749e-1ded-4913-a124-557549a21d71','PR00273','http://localhost:8000/images/PR00273/model_fn.jpg','2024/12/16 01:08:05',null);
Insert into ITD2024.TB_FILE_DB (UUID,PRID,FILE_URL,INSERT_TIME,UPDATE_TIME) values ('81a1ef8f-4e78-4010-b070-210515589e23','PR00273','http://localhost:8000/images/PR00273/model_lf.jpg','2024/12/16 01:08:05',null);
Insert into ITD2024.TB_FILE_DB (UUID,PRID,FILE_URL,INSERT_TIME,UPDATE_TIME) values ('c71ceb27-dc55-45ce-bb39-8db84cebac3b','PR00274','http://localhost:8000/images/PR00274/model_1.jpg','2024/12/16 01:09:34',null);
Insert into ITD2024.TB_FILE_DB (UUID,PRID,FILE_URL,INSERT_TIME,UPDATE_TIME) values ('eb3611da-cbf3-4c97-995c-1dbc839803ba','PR00274','http://localhost:8000/images/PR00274/model_2.jpg','2024/12/16 01:09:34',null);
Insert into ITD2024.TB_FILE_DB (UUID,PRID,FILE_URL,INSERT_TIME,UPDATE_TIME) values ('45373dbb-a613-436f-9419-50bb9d1ca97d','PR00274','http://localhost:8000/images/PR00274/model_3.jpg','2024/12/16 01:09:34',null);
Insert into ITD2024.TB_FILE_DB (UUID,PRID,FILE_URL,INSERT_TIME,UPDATE_TIME) values ('418c6556-72cf-476d-b732-3db81e995318','PR00274','http://localhost:8000/images/PR00274/model_fn.jpg','2024/12/16 01:09:34',null);
Insert into ITD2024.TB_FILE_DB (UUID,PRID,FILE_URL,INSERT_TIME,UPDATE_TIME) values ('7b71b6e4-813d-4db6-9636-26116de22339','PR00274','http://localhost:8000/images/PR00274/model_lf.jpg','2024/12/16 01:09:34',null);
Insert into ITD2024.TB_FILE_DB (UUID,PRID,FILE_URL,INSERT_TIME,UPDATE_TIME) values ('0d5e2265-a523-46bd-a87b-2a5e9d8868cf','PR00275','http://localhost:8000/images/PR00275/mode_2.jpg','2024/12/16 01:10:50',null);
Insert into ITD2024.TB_FILE_DB (UUID,PRID,FILE_URL,INSERT_TIME,UPDATE_TIME) values ('16bc2cb7-b8ec-43a5-9d8c-29b7cba697e3','PR00275','http://localhost:8000/images/PR00275/model_1.jpg','2024/12/16 01:10:50',null);
Insert into ITD2024.TB_FILE_DB (UUID,PRID,FILE_URL,INSERT_TIME,UPDATE_TIME) values ('75dce00e-882f-4e67-a9cc-1bab323891c9','PR00275','http://localhost:8000/images/PR00275/model_2.jpg','2024/12/16 01:10:50',null);
Insert into ITD2024.TB_FILE_DB (UUID,PRID,FILE_URL,INSERT_TIME,UPDATE_TIME) values ('114b26ee-69a7-4892-894b-093d5ac88f94','PR00275','http://localhost:8000/images/PR00275/model_3.jpg','2024/12/16 01:10:50',null);
Insert into ITD2024.TB_FILE_DB (UUID,PRID,FILE_URL,INSERT_TIME,UPDATE_TIME) values ('dcd87882-faa2-4343-a9f5-416656b3d60c','PR00275','http://localhost:8000/images/PR00275/model_bs.jpg','2024/12/16 01:10:50',null);
Insert into ITD2024.TB_FILE_DB (UUID,PRID,FILE_URL,INSERT_TIME,UPDATE_TIME) values ('f91f0ef8-d71f-4c58-ac8b-2b5e62c19816','PR00275','http://localhost:8000/images/PR00275/model_fn.jpg','2024/12/16 01:10:50',null);
Insert into ITD2024.TB_FILE_DB (UUID,PRID,FILE_URL,INSERT_TIME,UPDATE_TIME) values ('938dd561-d2c5-4bd0-8500-36d138968935','PR00275','http://localhost:8000/images/PR00275/model_lf.jpg','2024/12/16 01:10:50',null);
Insert into ITD2024.TB_FILE_DB (UUID,PRID,FILE_URL,INSERT_TIME,UPDATE_TIME) values ('b565978d-4194-4172-ad5d-6d61857f75fc','PR00275','http://localhost:8000/images/PR00275/model_rf.jpg','2024/12/16 01:10:50',null);
Insert into ITD2024.TB_FILE_DB (UUID,PRID,FILE_URL,INSERT_TIME,UPDATE_TIME) values ('c61a9799-86fa-4c0f-b5e3-96178db6d984','PR00276','http://localhost:8000/images/PR00276/model_1.jpg','2024/12/16 01:11:32',null);
Insert into ITD2024.TB_FILE_DB (UUID,PRID,FILE_URL,INSERT_TIME,UPDATE_TIME) values ('cf97b92b-9146-412f-8994-399a7a72467e','PR00290','http://localhost:8000/images/PR00290/model_1.jpg','2024/12/16 01:25:13',null);
Insert into ITD2024.TB_FILE_DB (UUID,PRID,FILE_URL,INSERT_TIME,UPDATE_TIME) values ('6fb65989-fcf9-4c3a-8913-6807d89f49e8','PR00290','http://localhost:8000/images/PR00290/model_2.jpg','2024/12/16 01:25:13',null);
Insert into ITD2024.TB_FILE_DB (UUID,PRID,FILE_URL,INSERT_TIME,UPDATE_TIME) values ('b0a6a1c0-5704-47e0-ae8a-0b4c3947503a','PR00290','http://localhost:8000/images/PR00290/model_3.jpg','2024/12/16 01:25:13',null);
Insert into ITD2024.TB_FILE_DB (UUID,PRID,FILE_URL,INSERT_TIME,UPDATE_TIME) values ('4ad34ea8-0e74-4187-ad78-2dbf49ddb8d6','PR00290','http://localhost:8000/images/PR00290/model_fn.jpg','2024/12/16 01:25:13',null);
Insert into ITD2024.TB_FILE_DB (UUID,PRID,FILE_URL,INSERT_TIME,UPDATE_TIME) values ('6bbbd17b-34af-4651-aa3c-740346d37c4d','PR00290','http://localhost:8000/images/PR00290/model_rf.jpg','2024/12/16 01:25:13',null);
Insert into ITD2024.TB_FILE_DB (UUID,PRID,FILE_URL,INSERT_TIME,UPDATE_TIME) values ('2178c81f-ff7c-465b-8427-037d6f128a0f','PR00291','http://localhost:8000/images/PR00291/model_1.jpg','2024/12/16 01:25:40',null);
Insert into ITD2024.TB_FILE_DB (UUID,PRID,FILE_URL,INSERT_TIME,UPDATE_TIME) values ('86b8c59e-6c22-4929-a28d-92e9b4af09e4','PR00291','http://localhost:8000/images/PR00291/model_2.jpg','2024/12/16 01:25:40',null);
Insert into ITD2024.TB_FILE_DB (UUID,PRID,FILE_URL,INSERT_TIME,UPDATE_TIME) values ('68a404e6-eabd-4b74-8f44-ca58498ed5d3','PR00291','http://localhost:8000/images/PR00291/model_3.jpg','2024/12/16 01:25:40',null);
Insert into ITD2024.TB_FILE_DB (UUID,PRID,FILE_URL,INSERT_TIME,UPDATE_TIME) values ('ccb3c258-1140-44ef-9914-45c02ff5f9ad','PR00291','http://localhost:8000/images/PR00291/model_bs.jpg','2024/12/16 01:25:40',null);
Insert into ITD2024.TB_FILE_DB (UUID,PRID,FILE_URL,INSERT_TIME,UPDATE_TIME) values ('abf1f747-ce59-436a-b2dd-45e3bd8207b1','PR00291','http://localhost:8000/images/PR00291/model_fn.jpg','2024/12/16 01:25:40',null);
Insert into ITD2024.TB_FILE_DB (UUID,PRID,FILE_URL,INSERT_TIME,UPDATE_TIME) values ('00df3106-7138-4c8e-a064-b87cc8e7bc67','PR00276','http://localhost:8000/images/PR00276/model_2.jpg','2024/12/16 01:11:32',null);
Insert into ITD2024.TB_FILE_DB (UUID,PRID,FILE_URL,INSERT_TIME,UPDATE_TIME) values ('f20af181-1475-45fb-b083-535e17069a43','PR00289','http://localhost:8000/images/PR00289/model_rf.jpg','2024/12/16 01:24:47',null);
Insert into ITD2024.TB_FILE_DB (UUID,PRID,FILE_URL,INSERT_TIME,UPDATE_TIME) values ('17c3f2a1-939e-4fe0-bdcf-0e4cc55228f5','PR00291','http://localhost:8000/images/PR00291/model_lf.jpg','2024/12/16 01:25:40',null);
Insert into ITD2024.TB_FILE_DB (UUID,PRID,FILE_URL,INSERT_TIME,UPDATE_TIME) values ('5182e6c3-fb73-45c8-b129-77e9c428e037','PR00292','http://localhost:8000/images/PR00292/model_1.jpg','2024/12/16 01:26:19',null);
Insert into ITD2024.TB_FILE_DB (UUID,PRID,FILE_URL,INSERT_TIME,UPDATE_TIME) values ('773f0fd7-c281-4103-85ac-787135d2c8cc','PR00292','http://localhost:8000/images/PR00292/model_2.jpg','2024/12/16 01:26:19',null);
Insert into ITD2024.TB_FILE_DB (UUID,PRID,FILE_URL,INSERT_TIME,UPDATE_TIME) values ('7f8c89c4-7b1d-4d56-b52e-53466f4e2d6b','PR00292','http://localhost:8000/images/PR00292/model_3.jpg','2024/12/16 01:26:19',null);
Insert into ITD2024.TB_FILE_DB (UUID,PRID,FILE_URL,INSERT_TIME,UPDATE_TIME) values ('341be1f1-d680-4aa7-815c-f704c80f7f16','PR00292','http://localhost:8000/images/PR00292/model_bs.jpg','2024/12/16 01:26:19',null);
Insert into ITD2024.TB_FILE_DB (UUID,PRID,FILE_URL,INSERT_TIME,UPDATE_TIME) values ('48318977-2b22-4545-b259-45d618b26343','PR00292','http://localhost:8000/images/PR00292/model_fn.jpg','2024/12/16 01:26:19',null);
Insert into ITD2024.TB_FILE_DB (UUID,PRID,FILE_URL,INSERT_TIME,UPDATE_TIME) values ('9d6af2c8-5e5f-49d5-a663-95b89d6ac438','PR00292','http://localhost:8000/images/PR00292/model_rf.jpg','2024/12/16 01:26:19',null);
Insert into ITD2024.TB_FILE_DB (UUID,PRID,FILE_URL,INSERT_TIME,UPDATE_TIME) values ('d6809f00-4f5b-4919-9645-1c4892828bd3','PR00294','http://localhost:8000/images/PR00294/model_bs.jpg','2024/12/16 01:26:59',null);
Insert into ITD2024.TB_FILE_DB (UUID,PRID,FILE_URL,INSERT_TIME,UPDATE_TIME) values ('13b14c43-6b09-4c1b-b3b1-76e4e199189f','PR00294','http://localhost:8000/images/PR00294/model_fn.jpg','2024/12/16 01:26:59',null);
Insert into ITD2024.TB_FILE_DB (UUID,PRID,FILE_URL,INSERT_TIME,UPDATE_TIME) values ('85382c70-ec67-401f-8fac-fa2493cd8a5a','PR00294','http://localhost:8000/images/PR00294/model_lf.jpg','2024/12/16 01:26:59',null);
Insert into ITD2024.TB_FILE_DB (UUID,PRID,FILE_URL,INSERT_TIME,UPDATE_TIME) values ('e246c975-5bfb-4d32-b129-91acf6879800','PR00294','http://localhost:8000/images/PR00294/model_rf.jpg','2024/12/16 01:26:59',null);
Insert into ITD2024.TB_FILE_DB (UUID,PRID,FILE_URL,INSERT_TIME,UPDATE_TIME) values ('9461b48d-e211-4ea1-8fb1-bac062be4272','PR00297','http://localhost:8000/images/PR00297/model_3.jpg','2024/12/16 06:08:42',null);
Insert into ITD2024.TB_FILE_DB (UUID,PRID,FILE_URL,INSERT_TIME,UPDATE_TIME) values ('1a40a22e-3e5c-41f1-9c8a-656ad71b507a','PR00297','http://localhost:8000/images/PR00297/model_fn.jpg','2024/12/16 06:08:42',null);
Insert into ITD2024.TB_FILE_DB (UUID,PRID,FILE_URL,INSERT_TIME,UPDATE_TIME) values ('bd012687-7fcb-4b0c-9d05-ee09b5571c19','PR00294','http://localhost:8000/images/PR00294/model_1.jpg','2024/12/16 01:26:59',null);
Insert into ITD2024.TB_FILE_DB (UUID,PRID,FILE_URL,INSERT_TIME,UPDATE_TIME) values ('9693ad76-4731-4d1c-ba90-b95227b94828','PR00294','http://localhost:8000/images/PR00294/model_2.jpg','2024/12/16 01:26:59',null);
Insert into ITD2024.TB_FILE_DB (UUID,PRID,FILE_URL,INSERT_TIME,UPDATE_TIME) values ('956158bd-c431-413a-b461-bc3c0176628f','PR00297','http://localhost:8000/images/PR00297/model_lf.jpg','2024/12/16 06:08:42',null);
Insert into ITD2024.TB_FILE_DB (UUID,PRID,FILE_URL,INSERT_TIME,UPDATE_TIME) values ('9dca4e76-86e6-4a45-9e8d-f410436cf40a','PR00297','http://localhost:8000/images/PR00297/model_rf.jpg','2024/12/16 06:08:42',null);
Insert into ITD2024.TB_FILE_DB (UUID,PRID,FILE_URL,INSERT_TIME,UPDATE_TIME) values ('21ddbc77-1e6c-4b0e-8389-0463cb6cb976','PR00297','http://localhost:8000/images/PR00297/model_1.jpg','2024/12/16 06:08:42',null);
Insert into ITD2024.TB_FILE_DB (UUID,PRID,FILE_URL,INSERT_TIME,UPDATE_TIME) values ('883f4503-42d9-45f9-98cf-70b880465286','PR00297','http://localhost:8000/images/PR00297/model_2.jpg','2024/12/16 06:08:42',null);
Insert into ITD2024.TB_FILE_DB (UUID,PRID,FILE_URL,INSERT_TIME,UPDATE_TIME) values ('1c4a27db-381e-4d1a-9d59-f8966232f437','PR00276','http://localhost:8000/images/PR00276/model_3.jpg','2024/12/16 01:11:32',null);
Insert into ITD2024.TB_FILE_DB (UUID,PRID,FILE_URL,INSERT_TIME,UPDATE_TIME) values ('204920dc-7d6d-450b-b37c-d251f1efe7d1','PR00276','http://localhost:8000/images/PR00276/model_bs.jpg','2024/12/16 01:11:32',null);
Insert into ITD2024.TB_FILE_DB (UUID,PRID,FILE_URL,INSERT_TIME,UPDATE_TIME) values ('8f7febed-50ba-46ef-b4eb-7f9c7bf1c399','PR00276','http://localhost:8000/images/PR00276/model_fn.jpg','2024/12/16 01:11:32',null);
Insert into ITD2024.TB_FILE_DB (UUID,PRID,FILE_URL,INSERT_TIME,UPDATE_TIME) values ('a6432945-5774-4e47-969d-27a6fff3f97d','PR00276','http://localhost:8000/images/PR00276/model_lf.jpg','2024/12/16 01:11:33',null);
Insert into ITD2024.TB_FILE_DB (UUID,PRID,FILE_URL,INSERT_TIME,UPDATE_TIME) values ('0360c6e6-0bfe-4f1d-9aff-f8fb3d51b3d3','PR00276','http://localhost:8000/images/PR00276/model_rf.jpg','2024/12/16 01:11:33',null);
Insert into ITD2024.TB_FILE_DB (UUID,PRID,FILE_URL,INSERT_TIME,UPDATE_TIME) values ('94b6b743-2d37-4e2e-b879-36c87935a094','PR00277','http://localhost:8000/images/PR00277/model_1.jpg','2024/12/16 01:12:14',null);
Insert into ITD2024.TB_FILE_DB (UUID,PRID,FILE_URL,INSERT_TIME,UPDATE_TIME) values ('2f5149e6-1c0a-4662-b3fd-6ab7cf2ab8ec','PR00277','http://localhost:8000/images/PR00277/model_2.jpg','2024/12/16 01:12:14',null);
Insert into ITD2024.TB_FILE_DB (UUID,PRID,FILE_URL,INSERT_TIME,UPDATE_TIME) values ('5455705f-05b8-43df-828b-aba42ae20c5a','PR00277','http://localhost:8000/images/PR00277/model_3.jpg','2024/12/16 01:12:14',null);
Insert into ITD2024.TB_FILE_DB (UUID,PRID,FILE_URL,INSERT_TIME,UPDATE_TIME) values ('2dd139b1-b751-485a-b679-8d8a519615b6','PR00277','http://localhost:8000/images/PR00277/model_bs.jpg','2024/12/16 01:12:14',null);
Insert into ITD2024.TB_FILE_DB (UUID,PRID,FILE_URL,INSERT_TIME,UPDATE_TIME) values ('2182fca5-e2a2-44a9-8115-271a9c2ba799','PR00277','http://localhost:8000/images/PR00277/model_fn.jpg','2024/12/16 01:12:14',null);
Insert into ITD2024.TB_FILE_DB (UUID,PRID,FILE_URL,INSERT_TIME,UPDATE_TIME) values ('bdf7d1cc-f0a5-42cd-921b-4ce0d7c44652','PR00277','http://localhost:8000/images/PR00277/model_lf.jpg','2024/12/16 01:12:14',null);
Insert into ITD2024.TB_FILE_DB (UUID,PRID,FILE_URL,INSERT_TIME,UPDATE_TIME) values ('50849c40-f738-41dd-91b7-29b7b71ea8fb','PR00277','http://localhost:8000/images/PR00277/model_rf.jpg','2024/12/16 01:12:14',null);
Insert into ITD2024.TB_FILE_DB (UUID,PRID,FILE_URL,INSERT_TIME,UPDATE_TIME) values ('dd08101e-a93c-4d40-a817-143dc1e6115a','PR00278','http://localhost:8000/images/PR00278/model_1.jpg','2024/12/16 01:13:04',null);
Insert into ITD2024.TB_FILE_DB (UUID,PRID,FILE_URL,INSERT_TIME,UPDATE_TIME) values ('280ff26a-9fa2-484b-999d-ffe0e28e3691','PR00278','http://localhost:8000/images/PR00278/model_2.jpg','2024/12/16 01:13:04',null);
Insert into ITD2024.TB_FILE_DB (UUID,PRID,FILE_URL,INSERT_TIME,UPDATE_TIME) values ('85c8fcc1-f1a6-43e9-8acb-4058afe8ac0f','PR00278','http://localhost:8000/images/PR00278/model_3.jpg','2024/12/16 01:13:04',null);
Insert into ITD2024.TB_FILE_DB (UUID,PRID,FILE_URL,INSERT_TIME,UPDATE_TIME) values ('e319bbc4-0e63-4d40-b972-a87ff3c2e10e','PR00278','http://localhost:8000/images/PR00278/model_bs.jpg','2024/12/16 01:13:04',null);
Insert into ITD2024.TB_FILE_DB (UUID,PRID,FILE_URL,INSERT_TIME,UPDATE_TIME) values ('0017b650-fce5-4bf5-89e7-486bc79b23c9','PR00278','http://localhost:8000/images/PR00278/model_fn.jpg','2024/12/16 01:13:04',null);
Insert into ITD2024.TB_FILE_DB (UUID,PRID,FILE_URL,INSERT_TIME,UPDATE_TIME) values ('f6bc4102-986f-4343-8294-3c73ff9a0581','PR00278','http://localhost:8000/images/PR00278/model_lf.jpg','2024/12/16 01:13:04',null);
Insert into ITD2024.TB_FILE_DB (UUID,PRID,FILE_URL,INSERT_TIME,UPDATE_TIME) values ('47b9de04-9821-4460-b8ab-374ff7e54e30','PR00278','http://localhost:8000/images/PR00278/model_rf.jpg','2024/12/16 01:13:04',null);
Insert into ITD2024.TB_FILE_DB (UUID,PRID,FILE_URL,INSERT_TIME,UPDATE_TIME) values ('7095918c-9358-47ac-b1ac-8eee35fbab47','PR00279','http://localhost:8000/images/PR00279/model_1.jpg','2024/12/16 01:13:39',null);
Insert into ITD2024.TB_FILE_DB (UUID,PRID,FILE_URL,INSERT_TIME,UPDATE_TIME) values ('4d15f4d4-91c5-4f28-a2d0-1c32eb019191','PR00279','http://localhost:8000/images/PR00279/model_2.jpg','2024/12/16 01:13:39',null);
Insert into ITD2024.TB_FILE_DB (UUID,PRID,FILE_URL,INSERT_TIME,UPDATE_TIME) values ('d7e1f9ce-1a07-4036-837a-445da69dfca1','PR00279','http://localhost:8000/images/PR00279/model_3.jpg','2024/12/16 01:13:39',null);
Insert into ITD2024.TB_FILE_DB (UUID,PRID,FILE_URL,INSERT_TIME,UPDATE_TIME) values ('d444c572-9539-47af-a704-c6accb86555f','PR00279','http://localhost:8000/images/PR00279/model_bs.jpg','2024/12/16 01:13:39',null);
Insert into ITD2024.TB_FILE_DB (UUID,PRID,FILE_URL,INSERT_TIME,UPDATE_TIME) values ('a888b4b7-1228-4d66-918f-13ec1b2de5f5','PR00279','http://localhost:8000/images/PR00279/model_fn.jpg','2024/12/16 01:13:39',null);
Insert into ITD2024.TB_FILE_DB (UUID,PRID,FILE_URL,INSERT_TIME,UPDATE_TIME) values ('e6a26703-4278-4902-9200-d0e301cc4705','PR00279','http://localhost:8000/images/PR00279/model_lf.jpg','2024/12/16 01:13:39',null);
Insert into ITD2024.TB_FILE_DB (UUID,PRID,FILE_URL,INSERT_TIME,UPDATE_TIME) values ('5c91334c-4458-4d10-b3e9-c82f7b6eb4ce','PR00279','http://localhost:8000/images/PR00279/model_rf.jpg','2024/12/16 01:13:39',null);
Insert into ITD2024.TB_FILE_DB (UUID,PRID,FILE_URL,INSERT_TIME,UPDATE_TIME) values ('14edede6-fd6d-4557-b407-7d8e767c4c4e','PR00280','http://localhost:8000/images/PR00280/model_1.jpg','2024/12/16 01:14:04',null);
Insert into ITD2024.TB_FILE_DB (UUID,PRID,FILE_URL,INSERT_TIME,UPDATE_TIME) values ('3a3bf36f-f4cb-4df7-802b-ce3b31f033c1','PR00280','http://localhost:8000/images/PR00280/model_2.jpg','2024/12/16 01:14:04',null);
Insert into ITD2024.TB_FILE_DB (UUID,PRID,FILE_URL,INSERT_TIME,UPDATE_TIME) values ('6073a27f-db21-49b9-a386-939bd2263351','PR00280','http://localhost:8000/images/PR00280/model_3.jpg','2024/12/16 01:14:05',null);
Insert into ITD2024.TB_FILE_DB (UUID,PRID,FILE_URL,INSERT_TIME,UPDATE_TIME) values ('4b788230-4da5-4f90-aab4-673c3951b463','PR00280','http://localhost:8000/images/PR00280/model_bs.jpg','2024/12/16 01:14:05',null);
Insert into ITD2024.TB_FILE_DB (UUID,PRID,FILE_URL,INSERT_TIME,UPDATE_TIME) values ('6fbf214c-b748-403b-b69f-d09e4aace819','PR00280','http://localhost:8000/images/PR00280/model_fn.jpg','2024/12/16 01:14:05',null);
Insert into ITD2024.TB_FILE_DB (UUID,PRID,FILE_URL,INSERT_TIME,UPDATE_TIME) values ('2f5450f9-ce85-4c2a-b55b-352a0460d830','PR00280','http://localhost:8000/images/PR00280/model_lf.jpg','2024/12/16 01:14:05',null);
Insert into ITD2024.TB_FILE_DB (UUID,PRID,FILE_URL,INSERT_TIME,UPDATE_TIME) values ('620074ae-4bcf-4164-b917-85dc0a8008c2','PR00280','http://localhost:8000/images/PR00280/model_rf.jpg','2024/12/16 01:14:05',null);
Insert into ITD2024.TB_FILE_DB (UUID,PRID,FILE_URL,INSERT_TIME,UPDATE_TIME) values ('37627918-7245-4876-860f-900366679f1c','PR00281','http://localhost:8000/images/PR00281/model_1.jpg','2024/12/16 01:15:36',null);
Insert into ITD2024.TB_FILE_DB (UUID,PRID,FILE_URL,INSERT_TIME,UPDATE_TIME) values ('30e99800-00c5-4f48-8092-3fe4fcf87336','PR00281','http://localhost:8000/images/PR00281/model_2.jpg','2024/12/16 01:15:36',null);
Insert into ITD2024.TB_FILE_DB (UUID,PRID,FILE_URL,INSERT_TIME,UPDATE_TIME) values ('89504893-afd3-44a2-9b13-8f25b861922f','PR00281','http://localhost:8000/images/PR00281/model_3.jpg','2024/12/16 01:15:36',null);
Insert into ITD2024.TB_FILE_DB (UUID,PRID,FILE_URL,INSERT_TIME,UPDATE_TIME) values ('13dfca09-b10b-4452-99de-078bd8b1d2ce','PR00281','http://localhost:8000/images/PR00281/model_bs.jpg','2024/12/16 01:15:36',null);
Insert into ITD2024.TB_FILE_DB (UUID,PRID,FILE_URL,INSERT_TIME,UPDATE_TIME) values ('f96e3ad7-f22e-4322-8361-22664e016159','PR00281','http://localhost:8000/images/PR00281/model_fn.jpg','2024/12/16 01:15:36',null);
Insert into ITD2024.TB_FILE_DB (UUID,PRID,FILE_URL,INSERT_TIME,UPDATE_TIME) values ('3c50bbf9-5df1-4a68-be05-69d3961f5c7b','PR00281','http://localhost:8000/images/PR00281/model_lf.jpg','2024/12/16 01:15:36',null);
Insert into ITD2024.TB_FILE_DB (UUID,PRID,FILE_URL,INSERT_TIME,UPDATE_TIME) values ('c723dbe6-d84a-49a5-9926-3bd753adcbc8','PR00281','http://localhost:8000/images/PR00281/model_rf.jpg','2024/12/16 01:15:36',null);
Insert into ITD2024.TB_FILE_DB (UUID,PRID,FILE_URL,INSERT_TIME,UPDATE_TIME) values ('475aeea9-9562-4836-98a6-e0e88acf2b4c','PR00282','http://localhost:8000/images/PR00282/model_1.jpg','2024/12/16 01:16:40',null);
Insert into ITD2024.TB_FILE_DB (UUID,PRID,FILE_URL,INSERT_TIME,UPDATE_TIME) values ('0e9267f5-289a-4acd-bde8-576c9f2f980c','PR00282','http://localhost:8000/images/PR00282/model_2.jpg','2024/12/16 01:16:40',null);
Insert into ITD2024.TB_FILE_DB (UUID,PRID,FILE_URL,INSERT_TIME,UPDATE_TIME) values ('a1c43b9f-f9b8-4727-ad1d-bba1b6868442','PR00282','http://localhost:8000/images/PR00282/model_3.jpg','2024/12/16 01:16:40',null);
Insert into ITD2024.TB_FILE_DB (UUID,PRID,FILE_URL,INSERT_TIME,UPDATE_TIME) values ('ce0886c9-e5d6-4a6f-b566-30256342fca8','PR00282','http://localhost:8000/images/PR00282/model_bs.jpg','2024/12/16 01:16:40',null);
Insert into ITD2024.TB_FILE_DB (UUID,PRID,FILE_URL,INSERT_TIME,UPDATE_TIME) values ('adec2eff-df52-40cc-ac80-f1d0db8b9bcf','PR00282','http://localhost:8000/images/PR00282/model_fn.jpg','2024/12/16 01:16:40',null);
Insert into ITD2024.TB_FILE_DB (UUID,PRID,FILE_URL,INSERT_TIME,UPDATE_TIME) values ('420a30f0-2c4d-46c1-89c2-01c4abc71310','PR00282','http://localhost:8000/images/PR00282/model_lf.jpg','2024/12/16 01:16:40',null);
Insert into ITD2024.TB_FILE_DB (UUID,PRID,FILE_URL,INSERT_TIME,UPDATE_TIME) values ('58342572-fd36-41c0-886e-1ce7b430a4dd','PR00282','http://localhost:8000/images/PR00282/model_rf.jpg','2024/12/16 01:16:40',null);
Insert into ITD2024.TB_FILE_DB (UUID,PRID,FILE_URL,INSERT_TIME,UPDATE_TIME) values ('47966fcf-840b-4da6-9756-a93af70e005f','PR00283','http://localhost:8000/images/PR00283/model_1.jpg','2024/12/16 01:17:09',null);
Insert into ITD2024.TB_FILE_DB (UUID,PRID,FILE_URL,INSERT_TIME,UPDATE_TIME) values ('5ed78c60-58eb-4a99-95a2-7344601cb2c5','PR00283','http://localhost:8000/images/PR00283/model_2.jpg','2024/12/16 01:17:09',null);
Insert into ITD2024.TB_FILE_DB (UUID,PRID,FILE_URL,INSERT_TIME,UPDATE_TIME) values ('68db4c41-2f50-4cd4-b214-c2621dfe8c5e','PR00283','http://localhost:8000/images/PR00283/model_3.jpg','2024/12/16 01:17:09',null);
Insert into ITD2024.TB_FILE_DB (UUID,PRID,FILE_URL,INSERT_TIME,UPDATE_TIME) values ('96a220f1-e0b3-4aed-b10c-512bfb5a7b33','PR00283','http://localhost:8000/images/PR00283/model_bs.jpg','2024/12/16 01:17:09',null);
Insert into ITD2024.TB_FILE_DB (UUID,PRID,FILE_URL,INSERT_TIME,UPDATE_TIME) values ('8ed17e3b-f3b2-4b6f-b799-1fb722f8e22d','PR00283','http://localhost:8000/images/PR00283/model_fn.jpg','2024/12/16 01:17:09',null);
Insert into ITD2024.TB_FILE_DB (UUID,PRID,FILE_URL,INSERT_TIME,UPDATE_TIME) values ('b4d6bb5f-9037-4b0f-8822-3fcf24e9d044','PR00283','http://localhost:8000/images/PR00283/model_lf.jpg','2024/12/16 01:17:09',null);
Insert into ITD2024.TB_FILE_DB (UUID,PRID,FILE_URL,INSERT_TIME,UPDATE_TIME) values ('7104c179-f82d-428f-af9c-cf04a111fa97','PR00283','http://localhost:8000/images/PR00283/model_rf.jpg','2024/12/16 01:17:09',null);
Insert into ITD2024.TB_FILE_DB (UUID,PRID,FILE_URL,INSERT_TIME,UPDATE_TIME) values ('7c43ec81-15ca-421e-a9ec-ffd553a51210','PR00284','http://localhost:8000/images/PR00284/model_1.jpg','2024/12/16 01:21:27',null);
Insert into ITD2024.TB_FILE_DB (UUID,PRID,FILE_URL,INSERT_TIME,UPDATE_TIME) values ('d4dce962-5477-40e1-a795-a2d3ddf9450a','PR00284','http://localhost:8000/images/PR00284/model_2.jpg','2024/12/16 01:21:27',null);
Insert into ITD2024.TB_FILE_DB (UUID,PRID,FILE_URL,INSERT_TIME,UPDATE_TIME) values ('c67971db-da69-402c-8862-2d17d6367476','PR00284','http://localhost:8000/images/PR00284/model_3.jpg','2024/12/16 01:21:27',null);
Insert into ITD2024.TB_FILE_DB (UUID,PRID,FILE_URL,INSERT_TIME,UPDATE_TIME) values ('ebbd9b64-c2e3-445e-9aeb-c91a2630f0d0','PR00284','http://localhost:8000/images/PR00284/model_bs.jpg','2024/12/16 01:21:27',null);
Insert into ITD2024.TB_FILE_DB (UUID,PRID,FILE_URL,INSERT_TIME,UPDATE_TIME) values ('582b03f3-0afa-4158-a48b-b2c28a871c6e','PR00284','http://localhost:8000/images/PR00284/model_fn.jpg','2024/12/16 01:21:27',null);
Insert into ITD2024.TB_FILE_DB (UUID,PRID,FILE_URL,INSERT_TIME,UPDATE_TIME) values ('d6eb01e5-0c54-42d7-8461-477b9d957944','PR00284','http://localhost:8000/images/PR00284/model_lf.jpg','2024/12/16 01:21:27',null);
Insert into ITD2024.TB_FILE_DB (UUID,PRID,FILE_URL,INSERT_TIME,UPDATE_TIME) values ('c0c71fcd-0d2b-4eca-b3aa-ba8049534d4c','PR00284','http://localhost:8000/images/PR00284/model_rf.jpg','2024/12/16 01:21:27',null);
Insert into ITD2024.TB_FILE_DB (UUID,PRID,FILE_URL,INSERT_TIME,UPDATE_TIME) values ('ff8964fd-293c-4e76-863e-2f27248d0783','PR00285','http://localhost:8000/images/PR00285/model_1.jpg','2024/12/16 01:22:01',null);
Insert into ITD2024.TB_FILE_DB (UUID,PRID,FILE_URL,INSERT_TIME,UPDATE_TIME) values ('e3afb191-08d6-4f90-8d87-aae5e221e6e1','PR00285','http://localhost:8000/images/PR00285/model_2.jpg','2024/12/16 01:22:01',null);
Insert into ITD2024.TB_FILE_DB (UUID,PRID,FILE_URL,INSERT_TIME,UPDATE_TIME) values ('bedc81f5-8735-4f5f-918c-e6faa8e39ed1','PR00285','http://localhost:8000/images/PR00285/model_3.jpg','2024/12/16 01:22:01',null);
Insert into ITD2024.TB_FILE_DB (UUID,PRID,FILE_URL,INSERT_TIME,UPDATE_TIME) values ('325fb03e-0c6d-4c08-9da2-646480e8444e','PR00285','http://localhost:8000/images/PR00285/model_bs.jpg','2024/12/16 01:22:01',null);
Insert into ITD2024.TB_FILE_DB (UUID,PRID,FILE_URL,INSERT_TIME,UPDATE_TIME) values ('1ac2acba-f657-4983-a7b8-a63a055c45cb','PR00285','http://localhost:8000/images/PR00285/model_fn.jpg','2024/12/16 01:22:01',null);
Insert into ITD2024.TB_FILE_DB (UUID,PRID,FILE_URL,INSERT_TIME,UPDATE_TIME) values ('db3d27f9-f62c-43e2-ab76-655f09ecbc7b','PR00285','http://localhost:8000/images/PR00285/model_lf.jpg','2024/12/16 01:22:01',null);
Insert into ITD2024.TB_FILE_DB (UUID,PRID,FILE_URL,INSERT_TIME,UPDATE_TIME) values ('321a3d70-abe3-465f-b28e-6cb383798fea','PR00285','http://localhost:8000/images/PR00285/model_rf.jpg','2024/12/16 01:22:01',null);
Insert into ITD2024.TB_FILE_DB (UUID,PRID,FILE_URL,INSERT_TIME,UPDATE_TIME) values ('10bbc843-1c28-46f6-9155-b01ba3ba346c','PR00286','http://localhost:8000/images/PR00286/model_1.jpg','2024/12/16 01:22:44',null);
Insert into ITD2024.TB_FILE_DB (UUID,PRID,FILE_URL,INSERT_TIME,UPDATE_TIME) values ('f3ad1517-a836-4230-9022-0a1536ce51f0','PR00286','http://localhost:8000/images/PR00286/model_2.jpg','2024/12/16 01:22:44',null);
Insert into ITD2024.TB_FILE_DB (UUID,PRID,FILE_URL,INSERT_TIME,UPDATE_TIME) values ('615a52f5-91ca-4a06-afbb-7193cc36c7d9','PR00286','http://localhost:8000/images/PR00286/model_3.jpg','2024/12/16 01:22:44',null);
Insert into ITD2024.TB_FILE_DB (UUID,PRID,FILE_URL,INSERT_TIME,UPDATE_TIME) values ('24cf0e4a-ca77-470f-a65e-d41d39b7b8f4','PR00286','http://localhost:8000/images/PR00286/model_fn.jpg','2024/12/16 01:22:44',null);
Insert into ITD2024.TB_FILE_DB (UUID,PRID,FILE_URL,INSERT_TIME,UPDATE_TIME) values ('0214cb17-c5f0-4988-b3f8-e31afb4deae1','PR00287','http://localhost:8000/images/PR00287/model_1.jpg','2024/12/16 01:23:18',null);
Insert into ITD2024.TB_FILE_DB (UUID,PRID,FILE_URL,INSERT_TIME,UPDATE_TIME) values ('9441e10a-1834-47d2-a429-0d1ed49e8134','PR00287','http://localhost:8000/images/PR00287/model_2.jpg','2024/12/16 01:23:18',null);
Insert into ITD2024.TB_FILE_DB (UUID,PRID,FILE_URL,INSERT_TIME,UPDATE_TIME) values ('e418fc2b-4904-495e-b021-5599c4a99594','PR00287','http://localhost:8000/images/PR00287/model_3.jpg','2024/12/16 01:23:18',null);
Insert into ITD2024.TB_FILE_DB (UUID,PRID,FILE_URL,INSERT_TIME,UPDATE_TIME) values ('3eb683dd-8a6c-445a-a757-da03a07ae5cc','PR00287','http://localhost:8000/images/PR00287/model_fn.jpg','2024/12/16 01:23:18',null);
Insert into ITD2024.TB_FILE_DB (UUID,PRID,FILE_URL,INSERT_TIME,UPDATE_TIME) values ('a40925dd-c80c-4b90-a973-b4b768f29b62','PR00287','http://localhost:8000/images/PR00287/model_lf.jpg','2024/12/16 01:23:18',null);
Insert into ITD2024.TB_FILE_DB (UUID,PRID,FILE_URL,INSERT_TIME,UPDATE_TIME) values ('290af711-8a85-4c5d-99bb-b4324db6b347','PR00287','http://localhost:8000/images/PR00287/model_rf.jpg','2024/12/16 01:23:18',null);
Insert into ITD2024.TB_FILE_DB (UUID,PRID,FILE_URL,INSERT_TIME,UPDATE_TIME) values ('77eb1f4e-1dd3-4a1d-8433-27be0d33ba21','PR00288','http://localhost:8000/images/PR00288/model_1.jpg','2024/12/16 01:24:05',null);
Insert into ITD2024.TB_FILE_DB (UUID,PRID,FILE_URL,INSERT_TIME,UPDATE_TIME) values ('ad2e903c-240b-49a4-a855-d652587f958b','PR00288','http://localhost:8000/images/PR00288/model_2.jpg','2024/12/16 01:24:05',null);
Insert into ITD2024.TB_FILE_DB (UUID,PRID,FILE_URL,INSERT_TIME,UPDATE_TIME) values ('da7ce858-d802-40ef-94a2-e51bfa729b87','PR00288','http://localhost:8000/images/PR00288/model_3.jpg','2024/12/16 01:24:05',null);
Insert into ITD2024.TB_FILE_DB (UUID,PRID,FILE_URL,INSERT_TIME,UPDATE_TIME) values ('9f49f797-64f9-4d63-902a-dc2589394955','PR00288','http://localhost:8000/images/PR00288/model_fn.jpg','2024/12/16 01:24:05',null);
Insert into ITD2024.TB_FILE_DB (UUID,PRID,FILE_URL,INSERT_TIME,UPDATE_TIME) values ('af182c18-f82b-4849-9460-a8ce5c5f2104','PR00289','http://localhost:8000/images/PR00289/model_1.jpg','2024/12/16 01:24:46',null);
Insert into ITD2024.TB_FILE_DB (UUID,PRID,FILE_URL,INSERT_TIME,UPDATE_TIME) values ('b11f43b8-025f-43ed-a99c-b469551bcf8d','PR00289','http://localhost:8000/images/PR00289/model_2.jpg','2024/12/16 01:24:46',null);
Insert into ITD2024.TB_FILE_DB (UUID,PRID,FILE_URL,INSERT_TIME,UPDATE_TIME) values ('3720a0ba-09ec-42a8-a23f-6fe821027951','PR00289','http://localhost:8000/images/PR00289/model_3.jpg','2024/12/16 01:24:46',null);
Insert into ITD2024.TB_FILE_DB (UUID,PRID,FILE_URL,INSERT_TIME,UPDATE_TIME) values ('261ce9cb-233c-490b-b4c6-57e5618b6ef1','PR00289','http://localhost:8000/images/PR00289/model_bs.jpg','2024/12/16 01:24:47',null);
Insert into ITD2024.TB_FILE_DB (UUID,PRID,FILE_URL,INSERT_TIME,UPDATE_TIME) values ('8e31a39b-5b95-4288-b79e-8fbb251ac60b','PR00289','http://localhost:8000/images/PR00289/model_fn.jpg','2024/12/16 01:24:47',null);
Insert into ITD2024.TB_FILE_DB (UUID,PRID,FILE_URL,INSERT_TIME,UPDATE_TIME) values ('45f8d34c-79c6-4419-ac0d-479a297ef011','PR00289','http://localhost:8000/images/PR00289/model_lf.jpg','2024/12/16 01:24:47',null);
Insert into ITD2024.TB_FILE_DB (UUID,PRID,FILE_URL,INSERT_TIME,UPDATE_TIME) values ('c26065b4-e675-4ac7-a032-355b75e4509e','PR00261','http://localhost:8000/images/PR00261/model_fn.jpg','2024/12/16 00:53:39',null);
Insert into ITD2024.TB_FILE_DB (UUID,PRID,FILE_URL,INSERT_TIME,UPDATE_TIME) values ('af4ebd29-ecaa-4a60-859e-40aa60a546e3','PR00261','http://localhost:8000/images/PR00261/model_lf.jpg','2024/12/16 00:53:39',null);
Insert into ITD2024.TB_FILE_DB (UUID,PRID,FILE_URL,INSERT_TIME,UPDATE_TIME) values ('b237b615-2253-46f5-ae3b-57ce5d3d2348','PR00261','http://localhost:8000/images/PR00261/model_rf.jpg','2024/12/16 00:53:39',null);
Insert into ITD2024.TB_FILE_DB (UUID,PRID,FILE_URL,INSERT_TIME,UPDATE_TIME) values ('414009a1-75e0-4e0e-979a-9fbe3a14f551','PR00262','http://localhost:8000/images/PR00262/model_1.png','2024/12/16 00:54:25',null);
Insert into ITD2024.TB_FILE_DB (UUID,PRID,FILE_URL,INSERT_TIME,UPDATE_TIME) values ('e9bc4108-72ad-48a9-9068-f7d365531121','PR00262','http://localhost:8000/images/PR00262/model_2.png','2024/12/16 00:54:25',null);
Insert into ITD2024.TB_FILE_DB (UUID,PRID,FILE_URL,INSERT_TIME,UPDATE_TIME) values ('ee92264f-f3b5-40a8-a0f5-960d07269910','PR00262','http://localhost:8000/images/PR00262/model_3.jpg','2024/12/16 00:54:25',null);
Insert into ITD2024.TB_FILE_DB (UUID,PRID,FILE_URL,INSERT_TIME,UPDATE_TIME) values ('12a08181-4276-451d-9525-fb57a5eae61c','PR00262','http://localhost:8000/images/PR00262/model_fn.jpg','2024/12/16 00:54:25',null);
Insert into ITD2024.TB_FILE_DB (UUID,PRID,FILE_URL,INSERT_TIME,UPDATE_TIME) values ('77e86ca2-ee51-43bd-bbe6-b7586cb11d36','PR00262','http://localhost:8000/images/PR00262/model_lf.jpg','2024/12/16 00:54:25',null);
Insert into ITD2024.TB_FILE_DB (UUID,PRID,FILE_URL,INSERT_TIME,UPDATE_TIME) values ('35210260-d5e2-43f0-9c57-1e9797bc356e','PR00262','http://localhost:8000/images/PR00262/model_rf.jpg','2024/12/16 00:54:25',null);
Insert into ITD2024.TB_FILE_DB (UUID,PRID,FILE_URL,INSERT_TIME,UPDATE_TIME) values ('258af535-efdc-4c2c-886e-b63ae93f6bfc','PR00261','http://localhost:8000/images/PR00261/model_1.png','2024/12/16 00:53:39',null);
Insert into ITD2024.TB_FILE_DB (UUID,PRID,FILE_URL,INSERT_TIME,UPDATE_TIME) values ('5d47a866-c6c4-4a35-8898-e34fe0263c2d','PR00261','http://localhost:8000/images/PR00261/model_bs.jpg','2024/12/16 00:53:39',null);
REM INSERTING into ITD2024.TB_INQUIRY
SET DEFINE OFF;
Insert into ITD2024.TB_INQUIRY (IQID,TITLE,CONTENTS,WRITER,REID,INSERT_TIME,UPDATE_TIME) values ('IQ00122','사이즈 문의 입니다','각 사이즈 정사이즈인가요','milkcookie77@naver.com',null,'2024/12/16 06:05:43','2024/12/16 06:11:25');
Insert into ITD2024.TB_INQUIRY (IQID,TITLE,CONTENTS,WRITER,REID,INSERT_TIME,UPDATE_TIME) values ('IQ00123',null,'네 모두 정사이즈 입니다!','admin@naver.com','IQ00122','2024/12/16 06:11:25',null);
Insert into ITD2024.TB_INQUIRY (IQID,TITLE,CONTENTS,WRITER,REID,INSERT_TIME,UPDATE_TIME) values ('IQ00108','xl 재입고 예정 있나요?','???','kimyonghwan@naver.com',null,'2024/12/16 00:32:53','2024/12/16 00:33:42');
Insert into ITD2024.TB_INQUIRY (IQID,TITLE,CONTENTS,WRITER,REID,INSERT_TIME,UPDATE_TIME) values ('IQ00109','재고문의드립니다','안녕하세요 웨이유 입니다.
문의 주신 저고리는 더 이상 원단 수급이 불가능하여 재입고가 어렵습니다🥲

[ Original Message ]
L사이즈 재입고 예정있으실까요?
안된다면 너무 슬플것 같아요ㅠ','leejoonmin@naver.com',null,'2024/12/16 00:33:38',null);
Insert into ITD2024.TB_INQUIRY (IQID,TITLE,CONTENTS,WRITER,REID,INSERT_TIME,UPDATE_TIME) values ('IQ00110',null,'xl 사이즈 품절되어 추후 입고 예정입니다.','admin@naver.com','IQ00108','2024/12/16 00:33:42',null);
Insert into ITD2024.TB_INQUIRY (IQID,TITLE,CONTENTS,WRITER,REID,INSERT_TIME,UPDATE_TIME) values ('IQ00111','색상문의','본문에는 색이 4가지 있던데.... 지금 판매중인건 무슨색인가요?','seojoonbyung@naver.com',null,'2024/12/16 00:34:03',null);
Insert into ITD2024.TB_INQUIRY (IQID,TITLE,CONTENTS,WRITER,REID,INSERT_TIME,UPDATE_TIME) values ('IQ00112','제품 세탁은 어떻게 되나요?','제품 세탁은 어떻게 하나요?
드라이클리닝? 아님 물세탁이 되는건가요?','kimyonghwan@naver.com',null,'2024/12/16 00:34:24',null);
Insert into ITD2024.TB_INQUIRY (IQID,TITLE,CONTENTS,WRITER,REID,INSERT_TIME,UPDATE_TIME) values ('IQ00113','사이즈 문의드립니다.','키 175정도에 몸무게 75키로 정도 나갑니다. 
혹시 어떤 사이즈로 구매하는 것이 잘 맞을까요?','leejoonmin@naver.com',null,'2024/12/16 00:34:43',null);
Insert into ITD2024.TB_INQUIRY (IQID,TITLE,CONTENTS,WRITER,REID,INSERT_TIME,UPDATE_TIME) values ('IQ00114','수선 여부 문의','구매한다면 키에 맞춰서 코트 앞/뒤 기장을 10cm정도 줄이고 싶은데
수선이 가능한 지 궁금합니다','simgeunwoo@naver.com',null,'2024/12/16 00:35:07','2024/12/16 00:40:52');
Insert into ITD2024.TB_INQUIRY (IQID,TITLE,CONTENTS,WRITER,REID,INSERT_TIME,UPDATE_TIME) values ('IQ00115','재입고 일자가 언제쯤 될까요?','보니까 xl 사이즈부터는 품절이던데... 
언제쯤 재입고 될까요?','seojoonbyung@naver.com',null,'2024/12/16 00:36:07','2024/12/16 00:40:14');
Insert into ITD2024.TB_INQUIRY (IQID,TITLE,CONTENTS,WRITER,REID,INSERT_TIME,UPDATE_TIME) values ('IQ00116','사이즈 문의요','175. 78. 사이즈 뭐 시켜요','kimyonghwan@naver.com',null,'2024/12/16 00:36:25','2024/12/16 00:39:57');
Insert into ITD2024.TB_INQUIRY (IQID,TITLE,CONTENTS,WRITER,REID,INSERT_TIME,UPDATE_TIME) values ('IQ00117','사이즈 문의','보통 옷들경우 가슴 둘레도 표기가 되어  익숙한데...
개량한복이라 그런지 가슴둘레사이즈가 없어 문의 드립니다.
L사이즈랑XL사이즈의 가슴 단면 길이  좀 알려주세요','leejoonmin@naver.com',null,'2024/12/16 00:36:47',null);
Insert into ITD2024.TB_INQUIRY (IQID,TITLE,CONTENTS,WRITER,REID,INSERT_TIME,UPDATE_TIME) values ('IQ00118',null,'L 사이즈 하시면 될 것 같습니다. 추후 사이즈 문제로 상품 교환도 가능하니 참고해주세요','admin@naver.com','IQ00116','2024/12/16 00:39:57',null);
Insert into ITD2024.TB_INQUIRY (IQID,TITLE,CONTENTS,WRITER,REID,INSERT_TIME,UPDATE_TIME) values ('IQ00119',null,'25년 1월중으로 예정 되어 있습니다. 감사합니다.','admin@naver.com','IQ00115','2024/12/16 00:40:14',null);
Insert into ITD2024.TB_INQUIRY (IQID,TITLE,CONTENTS,WRITER,REID,INSERT_TIME,UPDATE_TIME) values ('IQ00120',null,'저희가 자체적으로 수선은 불가하며 개인적으로 구매후 수선 부탁드립니다.','admin@naver.com','IQ00114','2024/12/16 00:40:52',null);
Insert into ITD2024.TB_INQUIRY (IQID,TITLE,CONTENTS,WRITER,REID,INSERT_TIME,UPDATE_TIME) values ('IQ00121','사이즈 정보 부탁드립니다.','해당 상품에 사이즈사 없어요','admin@naver.com',null,'2024/12/16 01:00:55',null);
REM INSERTING into ITD2024.TB_INVENTORY
SET DEFINE OFF;
REM INSERTING into ITD2024.TB_MEMBER
SET DEFINE OFF;
Insert into ITD2024.TB_MEMBER (EMAIL,PASSWORD,NAME,PHONE_NUMBER,CODE_NAME,INSERT_TIME,UPDATE_TIME) values ('milkcookie77@naver.com','$2a$10$ldG1EtTo5ChqQjNT/sabNuEDyMu7AiAZ1HYVpvwRP71SmhQWTCadu','서준병','01000000000','ROLE_USER','2024/12/16 06:01:15','2024/12/16 06/06/16');
Insert into ITD2024.TB_MEMBER (EMAIL,PASSWORD,NAME,PHONE_NUMBER,CODE_NAME,INSERT_TIME,UPDATE_TIME) values ('ohtaehoon@naver.com','$2a$10$pvynbY93ZaFlHkTSHnXgce2axpZo2vdUKqg.ivl0QpcEYQD2WdTNa','오태훈','01050691706','ROLE_USER','2024/12/12 05:06:23',null);
Insert into ITD2024.TB_MEMBER (EMAIL,PASSWORD,NAME,PHONE_NUMBER,CODE_NAME,INSERT_TIME,UPDATE_TIME) values ('kimyonghwan@naver.com','$2a$10$9lhwCkd5jdBnPYuQbQe.denJ/L3yIglPv8GCLZ8ZPWBcDvKp.7Y5C','김용환','01012341234','ROLE_USER','2024/12/12 06:33:00',null);
Insert into ITD2024.TB_MEMBER (EMAIL,PASSWORD,NAME,PHONE_NUMBER,CODE_NAME,INSERT_TIME,UPDATE_TIME) values ('leejoonmin@naver.com','$2a$10$60ZGJYmNMRMeXDsO93VtAu9kGt2DjmE4XCgFev2uviz2tCIk8YLb6','이준민','01012341234','ROLE_USER','2024/12/12 06:33:25',null);
Insert into ITD2024.TB_MEMBER (EMAIL,PASSWORD,NAME,PHONE_NUMBER,CODE_NAME,INSERT_TIME,UPDATE_TIME) values ('simgeunwoo@naver.com','$2a$10$jsIKOvyC8eS5giUAvo1rP.Iqj6zobcvFZI5iEhPb7RVb7O61wYYji','심근우','01012341234','ROLE_USER','2024/12/12 06:34:08',null);
Insert into ITD2024.TB_MEMBER (EMAIL,PASSWORD,NAME,PHONE_NUMBER,CODE_NAME,INSERT_TIME,UPDATE_TIME) values ('seojoonbyung@naver.com','$2a$10$KhKq/ZKvn8AEepEyAG.D0.T33FJiTDuW85qKiSk2DVHpSutW0Fcyi','서준병','01012341234','ROLE_USER','2024/12/12 06:34:39',null);
Insert into ITD2024.TB_MEMBER (EMAIL,PASSWORD,NAME,PHONE_NUMBER,CODE_NAME,INSERT_TIME,UPDATE_TIME) values ('hanyulgyu@naver.com','$2a$10$6W6z7YYNzRQx4acmQbItn.MmvsVhWZugRCER4dgi2G2wrsu2wPSOe','한율규','01012341234','ROLE_USER','2024/12/12 06:35:47',null);
Insert into ITD2024.TB_MEMBER (EMAIL,PASSWORD,NAME,PHONE_NUMBER,CODE_NAME,INSERT_TIME,UPDATE_TIME) values ('honggildong@naver.com','$2a$10$lmMG/gq60OG0GZOFyB.vhu0WzWQwcrBvj0fXE3brpGqlGAd4XM8yu','홍길동','01011111111','ROLE_USER','2024/12/13 01:34:47',null);
Insert into ITD2024.TB_MEMBER (EMAIL,PASSWORD,NAME,PHONE_NUMBER,CODE_NAME,INSERT_TIME,UPDATE_TIME) values ('joonbyungsuh@naver.com','$2a$10$IQBVbuzo9l/HwtxrNETnoOT2qPVXbiUS1DAr.j9.OF1HNq8gJld9q','서준병','01000000000','ROLE_ADMIN','2024/12/13 02:13:34',null);
Insert into ITD2024.TB_MEMBER (EMAIL,PASSWORD,NAME,PHONE_NUMBER,CODE_NAME,INSERT_TIME,UPDATE_TIME) values ('admin@naver.com','$2a$10$Q6XS8aavM1IklfoM2j7/2eczTNJ1D8N//WE6NCP55LZF39D07kcu2','ADMIN','01012345678','ROLE_ADMIN','2024/12/12 04:55:09','2024/12/16 01/01/15');
Insert into ITD2024.TB_MEMBER (EMAIL,PASSWORD,NAME,PHONE_NUMBER,CODE_NAME,INSERT_TIME,UPDATE_TIME) values ('dhstofhal@naver.com','$2a$10$zMYAdxoOZKFqMmZH.ziztOSXr8r3haqlbBcY5ANGUztIEiq0vKKPK','황초롱','010-1212-1212','ROLE_USER','2024/12/16 00:30:57',null);
REM INSERTING into ITD2024.TB_NOTICE
SET DEFINE OFF;
Insert into ITD2024.TB_NOTICE (NOID,UUID,TITLE,CONTENTS,IMAGE_URL,WRITER,INSERT_TIME,UPDATE_TIME) values ('93beeaf1-61c6-464f-adc4-1a561f124b71',null,'안녕하세요','크리스마트 이벤트 예정입니다. 기대해주세요~','http://192.168.1.82:8000/api/basic/notice/93beeaf1-61c6-464f-adc4-1a561f124b71','admin@naver.com','2024/12/16 06:09:35',null);
Insert into ITD2024.TB_NOTICE (NOID,UUID,TITLE,CONTENTS,IMAGE_URL,WRITER,INSERT_TIME,UPDATE_TIME) values ('c05f396e-0363-4d59-8d6b-198885931077',null,'신상출시! 기간 한정 단청노리개 증정이벤트(2024.6.10~6.16.)','안녕하세요 웨이유입니다.

신상 사전공개 기념하여 진행하는 이벤트 관련하여 안내드립니다.



2024년 6월 10일 - 6월 16일 일주일간

단청 반팔 저고리를 구매하시는 모든 분께 단청노리개를 드립니다.  



(해당 노리개는 판매 예정이 없는 한정판으로

이벤트에 참여 고객님들 에게만 제공됩니다.)



감사합니다.','http://192.168.1.82:8000/api/basic/notice/c05f396e-0363-4d59-8d6b-198885931077','admin@naver.com','2024/12/16 00:30:51',null);
Insert into ITD2024.TB_NOTICE (NOID,UUID,TITLE,CONTENTS,IMAGE_URL,WRITER,INSERT_TIME,UPDATE_TIME) values ('d4525191-7ee4-47e1-8e8c-3868c9628e4c',null,'웨이유와 함께 할 모델을 찾습니다 (2명)','웨이유와 함께 할 모델을 찾습니다 (2명)

각기 다른 스타일의 여성두분
2. 생활한복이 잘 어울리시는 한분
1. 정장이 잘 어울리시는 한분 

평소 웨이유의 스타일과 감성을 좋아하시는분이라면 누구든 지원가능합니다 (초보,무경력 가능)

이름 / 연락처 / 사는지역 / 자신을 소개 할 수 있는 SNS or 사진 3장이상을 
vanc86@naver.com 으로 이메일 보내주시면 됩니다.

많은 지원 부탁드립니다.
(면접시 교통비를 지원해 드립니다.)','http://192.168.1.82:8000/api/basic/notice/d4525191-7ee4-47e1-8e8c-3868c9628e4c','admin@naver.com','2024/12/16 00:31:29',null);
Insert into ITD2024.TB_NOTICE (NOID,UUID,TITLE,CONTENTS,IMAGE_URL,WRITER,INSERT_TIME,UPDATE_TIME) values ('ca8f1ce9-1068-4c9b-8627-3bbcf356a8f4',null,'웨이유 모델모집 일시마감 안내','(모델모집 일시마감)

웨이유 모델모집에 생각보다 훨씬 많은 분들이 지원해 주셔서 업무에 차질이 생길 정도가 되었습니다ㅜㅜ
보내주신분들 중 1차 합격하신 분들에게 답메일 or 사진보강 요청을 드렸습니다
오늘까지 접수를 마감하며 사진보강요청 받으신 분들은 12일까지 부탁드립니다
지원해 주신 분들 모두 너무나 매력적이셔서 선택하기가 많이 힘들었습니다
모델로서 훌륭한 분들이었지만 웨이유가 찾고 있는 컨셉하고 맞지 않았을 뿐이니, 메일을 받지 못했다고 너무 실망하지 말아주세요ㅜㅜ

모든 분들께 일일이 답변드리지 못해 죄송하며 다음모집에도 많은 관심 부탁드립니다🌸','http://192.168.1.82:8000/api/basic/notice/ca8f1ce9-1068-4c9b-8627-3bbcf356a8f4','admin@naver.com','2024/12/16 00:32:06',null);
Insert into ITD2024.TB_NOTICE (NOID,UUID,TITLE,CONTENTS,IMAGE_URL,WRITER,INSERT_TIME,UPDATE_TIME) values ('50fdb04d-1bc2-4f0f-97ca-442770f84e05',null,'쇼룸에서 미리만나보세요! (2024.6.4.~6.9.)','신상 출시 전 사전공개 
여름 신상 단청 반팔저고리를 미리 만나보실 수 있는 기회.





예약제로 운영하던 쇼룸을 6월 4일 화요일부터  출시일까지 상시 오픈을 진행하며, 

정식 출시 전 단청 반팔 저고리를 미리 만나보실 수 있습니다. 

편하게 방문하셔서 직접 착용해보세요! 



상시 운영기간 | 2024.6.4-6.9. 10:00~18:00

쇼룸 위치안내 | 서울시 마포구 연남로 11길 31 ','http://192.168.1.82:8000/api/basic/notice/50fdb04d-1bc2-4f0f-97ca-442770f84e05','admin@naver.com','2024/12/16 00:33:14',null);
Insert into ITD2024.TB_NOTICE (NOID,UUID,TITLE,CONTENTS,IMAGE_URL,WRITER,INSERT_TIME,UPDATE_TIME) values ('6044187d-f8bd-4bec-b05d-9858e1ffc00c',null,'[한글날 이벤트] 훈민정음 4행시 ! !','안녕하세요 웨이유 입니다.
10월 9일은 제574돌을 맞이한 한글날입니다!
아름다운 우리 글자 ''한글'' 창제를 기념하는 ''한글날''이죠? 그래서 준비한 이벤트!
한글날을 기념해 여러분의 재미있는 창의력을 엿볼 수 있는 4행시를 지어주세요!','http://192.168.1.82:8000/api/basic/notice/6044187d-f8bd-4bec-b05d-9858e1ffc00c','admin@naver.com','2024/12/16 00:28:50',null);
Insert into ITD2024.TB_NOTICE (NOID,UUID,TITLE,CONTENTS,IMAGE_URL,WRITER,INSERT_TIME,UPDATE_TIME) values ('cf93a64f-4a5b-444a-9710-fd7a498691ca',null,'2023 웨이유 만우절 이벤트!','2023 웨이유 만우절 이벤트!!




이벤트기간 중 단 하나라도 상품을 구매하시거나

구매하지 않으셔도 이벤트 기간중 

쇼룸 방문을 예약해주시는 고객님들께

한정판‼️하.찮.은 엽서 2종을 증정해드립니다!



(쇼룸 방문 일정은 이벤트 기간과 무관하며,

예약 후 방문하시는 고객님께 엽서를 드려요!)





이벤트 기간 : 4/1~4/7 일주일간

이벤트 기간 중 엽서 소진시 조기종료될 수 있어요🥲



쇼룸 예약 및 관련 사항은 

070-4791-8812 혹은 카카오톡 채널로 문의주세요!



감사합니다!😆

','http://192.168.1.82:8000/api/basic/notice/cf93a64f-4a5b-444a-9710-fd7a498691ca','admin@naver.com','2024/12/16 00:29:55',null);
Insert into ITD2024.TB_NOTICE (NOID,UUID,TITLE,CONTENTS,IMAGE_URL,WRITER,INSERT_TIME,UPDATE_TIME) values ('53412b14-3dd7-40e3-8a7c-c5ab2ed338cb',null,'대구 팝업스토어 안내 (종료)','
웨이유의 첫 대구팝업스토어 ! 
커피와 디저트를 즐기며, 웨이유 생활한복을 구경하고 입어보실 수 있는 공간을 마련했습니다.  
그동안 서울쇼룸 방문이 어려우셨던 대구에 계신 웨이유 한복러버분들을 초대합니다. 



기간 | 5월 25일(화)-6월25일(금) (매주 목요일 휴무) 

장소 | 대구광역시 달서구 월배로73길 56 커피룬 

교통 | 대구지하철 송현역 1번 출구 도보 10분 


팝업스토어에서 만나요 !','http://192.168.1.82:8000/api/basic/notice/53412b14-3dd7-40e3-8a7c-c5ab2ed338cb','admin@naver.com','2024/12/16 00:34:43',null);
Insert into ITD2024.TB_NOTICE (NOID,UUID,TITLE,CONTENTS,IMAGE_URL,WRITER,INSERT_TIME,UPDATE_TIME) values ('3139365c-4299-4a48-8746-6c5f488a796d',null,'웨이유 설연휴 정상영업 안내','설연휴 매장 정상운영 공지

설 연휴 웨이유 오프라인매장 정상영업합니다😊

매장 방문시 070-4791-8812로 연락주시면 방문예약 가능합니다❤


감사합니다 ^^','http://192.168.1.82:8000/api/basic/notice/3139365c-4299-4a48-8746-6c5f488a796d','admin@naver.com','2024/12/16 00:35:07',null);
REM INSERTING into ITD2024.TB_ORDER
SET DEFINE OFF;
Insert into ITD2024.TB_ORDER (ORID,PRID,SIID,COLOR,QUANTITY,PAID,EMAIL,INSERT_TIME,DELETE_TIME) values ('OR00277','PR00262','M','blue',2,'PA00173','milkcookie77@naver.com','2024/12/16 06:04:23','2024/12/16 06:05:09');
Insert into ITD2024.TB_ORDER (ORID,PRID,SIID,COLOR,QUANTITY,PAID,EMAIL,INSERT_TIME,DELETE_TIME) values ('OR00278','PR00262','L','blue',2,'PA00173','milkcookie77@naver.com','2024/12/16 06:04:23','2024/12/16 06:05:09');
Insert into ITD2024.TB_ORDER (ORID,PRID,SIID,COLOR,QUANTITY,PAID,EMAIL,INSERT_TIME,DELETE_TIME) values ('OR00279','PR00262','XL','blue',2,'PA00173','milkcookie77@naver.com','2024/12/16 06:04:23','2024/12/16 06:05:09');
Insert into ITD2024.TB_ORDER (ORID,PRID,SIID,COLOR,QUANTITY,PAID,EMAIL,INSERT_TIME,DELETE_TIME) values ('OR00272','PR00261','XL','blue',1,'PA00170','dhstofhal@naver.com','2024/12/16 00:58:26',null);
Insert into ITD2024.TB_ORDER (ORID,PRID,SIID,COLOR,QUANTITY,PAID,EMAIL,INSERT_TIME,DELETE_TIME) values ('OR00273','PR00263','M','blue',1,'PA00170','dhstofhal@naver.com','2024/12/16 00:58:26',null);
Insert into ITD2024.TB_ORDER (ORID,PRID,SIID,COLOR,QUANTITY,PAID,EMAIL,INSERT_TIME,DELETE_TIME) values ('OR00276','PR00270','M','blue',1,'PA00172','admin@naver.com','2024/12/16 01:13:48',null);
REM INSERTING into ITD2024.TB_PAYMENT
SET DEFINE OFF;
Insert into ITD2024.TB_PAYMENT (PAID,CODE,PAY_TYPE,TOTAL_PRICE,EMAIL,INSERT_TIME,DELETE_TIME) values ('PA00173','XL00438','CARD',1311000,'milkcookie77@naver.com','2024/12/16 06:04:23','2024/12/16 06:05:09');
Insert into ITD2024.TB_PAYMENT (PAID,CODE,PAY_TYPE,TOTAL_PRICE,EMAIL,INSERT_TIME,DELETE_TIME) values ('PA00169','XL00434','CARD',3000,'dhstofhal@naver.com','2024/12/16 00:58:19',null);
Insert into ITD2024.TB_PAYMENT (PAID,CODE,PAY_TYPE,TOTAL_PRICE,EMAIL,INSERT_TIME,DELETE_TIME) values ('PA00170','XL00435','CARD',361000,'dhstofhal@naver.com','2024/12/16 00:58:26',null);
Insert into ITD2024.TB_PAYMENT (PAID,CODE,PAY_TYPE,TOTAL_PRICE,EMAIL,INSERT_TIME,DELETE_TIME) values ('PA00172','XL00437','CARD',142000,'admin@naver.com','2024/12/16 01:13:48',null);
REM INSERTING into ITD2024.TB_PRODUCT
SET DEFINE OFF;
Insert into ITD2024.TB_PRODUCT (PRID,CODE,NAME,KAREGORIE,GENDER,PRICE,CONTENTS,SALES,INSERT_TIME,UPDATE_TIME) values ('PR00297','DM00010','청월 두루마기','두루마기','남녀공용',1720000,'두루마기',0,'2024/12/16 06:08:42',null);
Insert into ITD2024.TB_PRODUCT (PRID,CODE,NAME,KAREGORIE,GENDER,PRICE,CONTENTS,SALES,INSERT_TIME,UPDATE_TIME) values ('PR00263','DM00003','청월(靑月) 단 두루마기 오픈코트','두루마기','남녀공용',179000,' MD COMMENT 

#TIP
기존 두루마기 오픈코트를 베이스로 제작된
새로운 형태의 두루마기 입니다.

푸른달빛과 같은 화려함, 줄어든 단 기장으로
활동성이 강조된것이 포인트입니다.',1,'2024/12/16 00:55:33','2024/12/16 00:58:26');
Insert into ITD2024.TB_PRODUCT (PRID,CODE,NAME,KAREGORIE,GENDER,PRICE,CONTENTS,SALES,INSERT_TIME,UPDATE_TIME) values ('PR00261','DM00001','흑월 단 두루마기 오픈코트','두루마기','남녀공용',179000,'단 두루마기의 두번째 시리즈,
흑월 단 두루마기
첫번째 단 두루마기 청월에 이은 두번째 단 두루마기 흑월이 출시되었습니다. ',1,'2024/12/16 00:53:39','2024/12/16 00:58:26');
Insert into ITD2024.TB_PRODUCT (PRID,CODE,NAME,KAREGORIE,GENDER,PRICE,CONTENTS,SALES,INSERT_TIME,UPDATE_TIME) values ('PR00262','DM00002','흑운 두루마기','두루마기','남녀공용',218000,'흑운 두루마기
흑운 두루마기는 전통스러움이 묻어나는 두루마기입니다. 
깃 부분과 대폭 허리끈은 양단을 사용하여 포인트를 주었고, 
다양한 연출을 통해 일상 생활 속에서
개성을 살려 입으실 수 있도록 디자인 되었습니다.',9,'2024/12/16 00:54:25','2024/12/16 06:04:23');
Insert into ITD2024.TB_PRODUCT (PRID,CODE,NAME,KAREGORIE,GENDER,PRICE,CONTENTS,SALES,INSERT_TIME,UPDATE_TIME) values ('PR00267','DM00006','喜雨 희우 두루마기 레인코트','두루마기','남녀공용',216000,'현대의 트렌치코트와 전통의 두루마기를 결합시킨
웨이유의 시그니처 두루마기인 
두루마기 오픈코트(3.1 태극기에디션)을 베이스로 제작된 레인코트입니다

기존 오픈두루마기 형태를 유지하며 비가와도 활동할수 있도록 
기능성 완전방수원단과 깊은 모자를 추가하고 
빗물에서 활동이 편하도록 넓은 소매를 적용시켰습니다.
또한 뒷부분은 반사지를 이용하여 
아름다운 태극기의 건곤감리를 새겨 넣은 것이 특징입니다.',0,'2024/12/16 00:58:51',null);
Insert into ITD2024.TB_PRODUCT (PRID,CODE,NAME,KAREGORIE,GENDER,PRICE,CONTENTS,SALES,INSERT_TIME,UPDATE_TIME) values ('PR00265','DM00004','호연 에코 퍼 두루마기','두루마기','남녀공용',312000,null,0,'2024/12/16 00:57:14',null);
Insert into ITD2024.TB_PRODUCT (PRID,CODE,NAME,KAREGORIE,GENDER,PRICE,CONTENTS,SALES,INSERT_TIME,UPDATE_TIME) values ('PR00266','DM00005','喜雨 희우 두루마기 레인코트','두루마기','남녀공용',216000,'대의 트렌치코트와 전통의 두루마기를 결합시킨
웨이유의 시그니처 두루마기인 
두루마기 오픈코트(3.1 태극기에디션)을 베이스로 제작된 레인코트입니다

기존 오픈두루마기 형태를 유지하며 비가와도 활동할수 있도록 
기능성 완전방수원단과 깊은 모자를 추가하고 
빗물에서 활동이 편하도록 넓은 소매를 적용시켰습니다.
또한 뒷부분은 반사지를 이용하여 
아름다운 태극기의 건곤감리를 새겨 넣은 것이 특징입니다.',0,'2024/12/16 00:58:10',null);
Insert into ITD2024.TB_PRODUCT (PRID,CODE,NAME,KAREGORIE,GENDER,PRICE,CONTENTS,SALES,INSERT_TIME,UPDATE_TIME) values ('PR00268','DM00007','두루마기 오픈코트 3.1 태극기 에디션','두루마기','남녀공용',179000,null,0,'2024/12/16 00:59:42',null);
Insert into ITD2024.TB_PRODUCT (PRID,CODE,NAME,KAREGORIE,GENDER,PRICE,CONTENTS,SALES,INSERT_TIME,UPDATE_TIME) values ('PR00269','DM00008','두루마기 오픈코트 3.1 태극기 에디션','두루마기','남녀공용',179000,null,0,'2024/12/16 01:01:25',null);
Insert into ITD2024.TB_PRODUCT (PRID,CODE,NAME,KAREGORIE,GENDER,PRICE,CONTENTS,SALES,INSERT_TIME,UPDATE_TIME) values ('PR00270','DM00009','늘품 티저고리 훈민정음 에디션','두루마기','남녀공용',139000,null,1,'2024/12/16 01:02:59','2024/12/16 01:13:48');
Insert into ITD2024.TB_PRODUCT (PRID,CODE,NAME,KAREGORIE,GENDER,PRICE,CONTENTS,SALES,INSERT_TIME,UPDATE_TIME) values ('PR00271','JG00001','인견 늘품 티저고리 훈민정음 에디션','저고리','남녀공용',139000,null,0,'2024/12/16 01:05:31',null);
Insert into ITD2024.TB_PRODUCT (PRID,CODE,NAME,KAREGORIE,GENDER,PRICE,CONTENTS,SALES,INSERT_TIME,UPDATE_TIME) values ('PR00272','JG00002','인견 늘품 티저고리 훈민정음 에디션','저고리','남녀공용',139000,null,0,'2024/12/16 01:07:22',null);
Insert into ITD2024.TB_PRODUCT (PRID,CODE,NAME,KAREGORIE,GENDER,PRICE,CONTENTS,SALES,INSERT_TIME,UPDATE_TIME) values ('PR00273','JG00003','늘품 티저고리 배색깃 에디션','저고리','남녀공용',139000,null,0,'2024/12/16 01:08:05',null);
Insert into ITD2024.TB_PRODUCT (PRID,CODE,NAME,KAREGORIE,GENDER,PRICE,CONTENTS,SALES,INSERT_TIME,UPDATE_TIME) values ('PR00274','JG00004','늘품 티저고리 배색깃 에디션','저고리','남녀공용',139000,null,0,'2024/12/16 01:09:34',null);
Insert into ITD2024.TB_PRODUCT (PRID,CODE,NAME,KAREGORIE,GENDER,PRICE,CONTENTS,SALES,INSERT_TIME,UPDATE_TIME) values ('PR00275','JG00005','여청(餘淸) 티저고리','저고리','남녀공용',129000,null,0,'2024/12/16 01:10:50',null);
Insert into ITD2024.TB_PRODUCT (PRID,CODE,NAME,KAREGORIE,GENDER,PRICE,CONTENTS,SALES,INSERT_TIME,UPDATE_TIME) values ('PR00276','JG00006','여청(餘淸) 티저고리','저고리','남녀공용',129000,null,0,'2024/12/16 01:11:32',null);
Insert into ITD2024.TB_PRODUCT (PRID,CODE,NAME,KAREGORIE,GENDER,PRICE,CONTENTS,SALES,INSERT_TIME,UPDATE_TIME) values ('PR00277','JG00007','여청(餘淸) 티저고리','저고리','남녀공용',129000,null,0,'2024/12/16 01:12:13',null);
Insert into ITD2024.TB_PRODUCT (PRID,CODE,NAME,KAREGORIE,GENDER,PRICE,CONTENTS,SALES,INSERT_TIME,UPDATE_TIME) values ('PR00278','PN00001','기모 창경(昌耿) 바지','바지','남녀공용',159000,null,0,'2024/12/16 01:13:04',null);
Insert into ITD2024.TB_PRODUCT (PRID,CODE,NAME,KAREGORIE,GENDER,PRICE,CONTENTS,SALES,INSERT_TIME,UPDATE_TIME) values ('PR00279','PN00002','사계절 창경(昌耿) 바지','바지','남녀공용',159000,null,0,'2024/12/16 01:13:39',null);
Insert into ITD2024.TB_PRODUCT (PRID,CODE,NAME,KAREGORIE,GENDER,PRICE,CONTENTS,SALES,INSERT_TIME,UPDATE_TIME) values ('PR00280','PN00003','기모 창경(昌耿) 바지','바지','남녀공용',159000,null,0,'2024/12/16 01:14:04',null);
Insert into ITD2024.TB_PRODUCT (PRID,CODE,NAME,KAREGORIE,GENDER,PRICE,CONTENTS,SALES,INSERT_TIME,UPDATE_TIME) values ('PR00281','PN00004','하랑 골덴바지 (기모)','바지','남녀공용',129000,null,0,'2024/12/16 01:15:36',null);
Insert into ITD2024.TB_PRODUCT (PRID,CODE,NAME,KAREGORIE,GENDER,PRICE,CONTENTS,SALES,INSERT_TIME,UPDATE_TIME) values ('PR00282','PN00005','데니 태극기 트랙팬츠','바지','남성',89000,null,0,'2024/12/16 01:16:40',null);
Insert into ITD2024.TB_PRODUCT (PRID,CODE,NAME,KAREGORIE,GENDER,PRICE,CONTENTS,SALES,INSERT_TIME,UPDATE_TIME) values ('PR00283','PN00006','데니 태극기 트랙팬츠','바지','남녀공용',89000,null,0,'2024/12/16 01:17:09',null);
Insert into ITD2024.TB_PRODUCT (PRID,CODE,NAME,KAREGORIE,GENDER,PRICE,CONTENTS,SALES,INSERT_TIME,UPDATE_TIME) values ('PR00284','PN00007','수묵(水墨) 바지','바지','남녀공용',159000,null,0,'2024/12/16 01:21:27',null);
Insert into ITD2024.TB_PRODUCT (PRID,CODE,NAME,KAREGORIE,GENDER,PRICE,CONTENTS,SALES,INSERT_TIME,UPDATE_TIME) values ('PR00285','PN00008','수묵(水墨) 바지','바지','남녀공용',159000,null,0,'2024/12/16 01:22:01',null);
Insert into ITD2024.TB_PRODUCT (PRID,CODE,NAME,KAREGORIE,GENDER,PRICE,CONTENTS,SALES,INSERT_TIME,UPDATE_TIME) values ('PR00286','SK00001','모던 노방허리치마','치마','여성',90000,null,0,'2024/12/16 01:22:44',null);
Insert into ITD2024.TB_PRODUCT (PRID,CODE,NAME,KAREGORIE,GENDER,PRICE,CONTENTS,SALES,INSERT_TIME,UPDATE_TIME) values ('PR00287','SK00002','연회색 원피스','치마','여성',89000,null,0,'2024/12/16 01:23:18',null);
Insert into ITD2024.TB_PRODUCT (PRID,CODE,NAME,KAREGORIE,GENDER,PRICE,CONTENTS,SALES,INSERT_TIME,UPDATE_TIME) values ('PR00288','SK00003','롱허리치마','치마','여성',73000,null,0,'2024/12/16 01:24:05',null);
Insert into ITD2024.TB_PRODUCT (PRID,CODE,NAME,KAREGORIE,GENDER,PRICE,CONTENTS,SALES,INSERT_TIME,UPDATE_TIME) values ('PR00289','SK00004','화사 허리치마','치마','여성',109000,null,0,'2024/12/16 01:24:46',null);
Insert into ITD2024.TB_PRODUCT (PRID,CODE,NAME,KAREGORIE,GENDER,PRICE,CONTENTS,SALES,INSERT_TIME,UPDATE_TIME) values ('PR00290','SK00005','허리치마','치마','여성',76000,null,0,'2024/12/16 01:25:13',null);
Insert into ITD2024.TB_PRODUCT (PRID,CODE,NAME,KAREGORIE,GENDER,PRICE,CONTENTS,SALES,INSERT_TIME,UPDATE_TIME) values ('PR00291','SK00006','수아(粹娥) 철릭원피스','치마','여성',195000,null,0,'2024/12/16 01:25:40',null);
Insert into ITD2024.TB_PRODUCT (PRID,CODE,NAME,KAREGORIE,GENDER,PRICE,CONTENTS,SALES,INSERT_TIME,UPDATE_TIME) values ('PR00292','SK00007','수아(粹娥) 철릭원피스','치마','여성',195000,null,0,'2024/12/16 01:26:19',null);
Insert into ITD2024.TB_PRODUCT (PRID,CODE,NAME,KAREGORIE,GENDER,PRICE,CONTENTS,SALES,INSERT_TIME,UPDATE_TIME) values ('PR00294','SK00008','수묵 허리치마','치마','여성',90000,null,0,'2024/12/16 01:26:59',null);
REM INSERTING into ITD2024.TB_REVIEW
SET DEFINE OFF;
REM INSERTING into ITD2024.TB_SIZE
SET DEFINE OFF;
Insert into ITD2024.TB_SIZE (SIID,SHOULDER,ARMS,WAIST,SLEEVE,LENGTH,MEN_SIZE,WOMAN_SIZE,PLUS_PRICE,INSERT_TIME,UPDATE_TIME) values ('M','40','59','14.5','52','69','~90','~55',0,'2024/11/27 06:57:14',null);
Insert into ITD2024.TB_SIZE (SIID,SHOULDER,ARMS,WAIST,SLEEVE,LENGTH,MEN_SIZE,WOMAN_SIZE,PLUS_PRICE,INSERT_TIME,UPDATE_TIME) values ('L','43','61','15','56','71','95~100','66~77',0,'2024/11/27 07:00:10',null);
Insert into ITD2024.TB_SIZE (SIID,SHOULDER,ARMS,WAIST,SLEEVE,LENGTH,MEN_SIZE,WOMAN_SIZE,PLUS_PRICE,INSERT_TIME,UPDATE_TIME) values ('XL','46','61','15.5','60','73','105~110','105~110',0,'2024/11/27 07:01:08',null);
Insert into ITD2024.TB_SIZE (SIID,SHOULDER,ARMS,WAIST,SLEEVE,LENGTH,MEN_SIZE,WOMAN_SIZE,PLUS_PRICE,INSERT_TIME,UPDATE_TIME) values ('XXL','49','64','17','64','75','110~115','99+',0,'2024/11/27 07:01:41',null);
--------------------------------------------------------
--  DDL for Index TB_FAQ_PK
--------------------------------------------------------

  CREATE UNIQUE INDEX "ITD2024"."TB_FAQ_PK" ON "ITD2024"."TB_INQUIRY" ("IQID") 
  PCTFREE 10 INITRANS 2 MAXTRANS 255 COMPUTE STATISTICS 
  STORAGE(INITIAL 65536 NEXT 1048576 MINEXTENTS 1 MAXEXTENTS 2147483645
  PCTINCREASE 0 FREELISTS 1 FREELIST GROUPS 1
  BUFFER_POOL DEFAULT FLASH_CACHE DEFAULT CELL_FLASH_CACHE DEFAULT)
  TABLESPACE "USERS" ;
--------------------------------------------------------
--  DDL for Index TB_CART_PK
--------------------------------------------------------

  CREATE UNIQUE INDEX "ITD2024"."TB_CART_PK" ON "ITD2024"."TB_CART" ("CAID") 
  PCTFREE 10 INITRANS 2 MAXTRANS 255 COMPUTE STATISTICS 
  STORAGE(INITIAL 65536 NEXT 1048576 MINEXTENTS 1 MAXEXTENTS 2147483645
  PCTINCREASE 0 FREELISTS 1 FREELIST GROUPS 1
  BUFFER_POOL DEFAULT FLASH_CACHE DEFAULT CELL_FLASH_CACHE DEFAULT)
  TABLESPACE "USERS" ;
--------------------------------------------------------
--  DDL for Index TB_SIZE_PK
--------------------------------------------------------

  CREATE UNIQUE INDEX "ITD2024"."TB_SIZE_PK" ON "ITD2024"."TB_SIZE" ("SIID") 
  PCTFREE 10 INITRANS 2 MAXTRANS 255 COMPUTE STATISTICS 
  STORAGE(INITIAL 65536 NEXT 1048576 MINEXTENTS 1 MAXEXTENTS 2147483645
  PCTINCREASE 0 FREELISTS 1 FREELIST GROUPS 1
  BUFFER_POOL DEFAULT FLASH_CACHE DEFAULT CELL_FLASH_CACHE DEFAULT)
  TABLESPACE "USERS" ;
--------------------------------------------------------
--  DDL for Index TB_FILE_DB_PK
--------------------------------------------------------

  CREATE UNIQUE INDEX "ITD2024"."TB_FILE_DB_PK" ON "ITD2024"."TB_FILE_DB" ("UUID") 
  PCTFREE 10 INITRANS 2 MAXTRANS 255 COMPUTE STATISTICS 
  STORAGE(INITIAL 65536 NEXT 1048576 MINEXTENTS 1 MAXEXTENTS 2147483645
  PCTINCREASE 0 FREELISTS 1 FREELIST GROUPS 1
  BUFFER_POOL DEFAULT FLASH_CACHE DEFAULT CELL_FLASH_CACHE DEFAULT)
  TABLESPACE "USERS" ;
--------------------------------------------------------
--  DDL for Index TB_NOTICE_PK
--------------------------------------------------------

  CREATE UNIQUE INDEX "ITD2024"."TB_NOTICE_PK" ON "ITD2024"."TB_NOTICE" ("NOID") 
  PCTFREE 10 INITRANS 2 MAXTRANS 255 COMPUTE STATISTICS 
  STORAGE(INITIAL 65536 NEXT 1048576 MINEXTENTS 1 MAXEXTENTS 2147483645
  PCTINCREASE 0 FREELISTS 1 FREELIST GROUPS 1
  BUFFER_POOL DEFAULT FLASH_CACHE DEFAULT CELL_FLASH_CACHE DEFAULT)
  TABLESPACE "USERS" ;
--------------------------------------------------------
--  DDL for Index TB_PRODECT_PK
--------------------------------------------------------

  CREATE UNIQUE INDEX "ITD2024"."TB_PRODECT_PK" ON "ITD2024"."TB_PRODUCT" ("PRID") 
  PCTFREE 10 INITRANS 2 MAXTRANS 255 COMPUTE STATISTICS 
  STORAGE(INITIAL 65536 NEXT 1048576 MINEXTENTS 1 MAXEXTENTS 2147483645
  PCTINCREASE 0 FREELISTS 1 FREELIST GROUPS 1
  BUFFER_POOL DEFAULT FLASH_CACHE DEFAULT CELL_FLASH_CACHE DEFAULT)
  TABLESPACE "USERS" ;
--------------------------------------------------------
--  DDL for Index TABLE1_PK
--------------------------------------------------------

  CREATE UNIQUE INDEX "ITD2024"."TABLE1_PK" ON "ITD2024"."TB_DELIVERY" ("DEID") 
  PCTFREE 10 INITRANS 2 MAXTRANS 255 COMPUTE STATISTICS 
  STORAGE(INITIAL 65536 NEXT 1048576 MINEXTENTS 1 MAXEXTENTS 2147483645
  PCTINCREASE 0 FREELISTS 1 FREELIST GROUPS 1
  BUFFER_POOL DEFAULT FLASH_CACHE DEFAULT CELL_FLASH_CACHE DEFAULT)
  TABLESPACE "USERS" ;
--------------------------------------------------------
--  DDL for Index TB_MEMBER_PK
--------------------------------------------------------

  CREATE UNIQUE INDEX "ITD2024"."TB_MEMBER_PK" ON "ITD2024"."TB_MEMBER" ("EMAIL") 
  PCTFREE 10 INITRANS 2 MAXTRANS 255 COMPUTE STATISTICS 
  STORAGE(INITIAL 65536 NEXT 1048576 MINEXTENTS 1 MAXEXTENTS 2147483645
  PCTINCREASE 0 FREELISTS 1 FREELIST GROUPS 1
  BUFFER_POOL DEFAULT FLASH_CACHE DEFAULT CELL_FLASH_CACHE DEFAULT)
  TABLESPACE "USERS" ;
--------------------------------------------------------
--  DDL for Index TB_INVENTORY_PK
--------------------------------------------------------

  CREATE UNIQUE INDEX "ITD2024"."TB_INVENTORY_PK" ON "ITD2024"."TB_INVENTORY" ("INID") 
  PCTFREE 10 INITRANS 2 MAXTRANS 255 COMPUTE STATISTICS 
  TABLESPACE "USERS" ;
--------------------------------------------------------
--  DDL for Index TB_ORDER_PK
--------------------------------------------------------

  CREATE UNIQUE INDEX "ITD2024"."TB_ORDER_PK" ON "ITD2024"."TB_ORDER" ("ORID") 
  PCTFREE 10 INITRANS 2 MAXTRANS 255 COMPUTE STATISTICS 
  STORAGE(INITIAL 65536 NEXT 1048576 MINEXTENTS 1 MAXEXTENTS 2147483645
  PCTINCREASE 0 FREELISTS 1 FREELIST GROUPS 1
  BUFFER_POOL DEFAULT FLASH_CACHE DEFAULT CELL_FLASH_CACHE DEFAULT)
  TABLESPACE "USERS" ;
--------------------------------------------------------
--  DDL for Index TB_PAYMENT_PK
--------------------------------------------------------

  CREATE UNIQUE INDEX "ITD2024"."TB_PAYMENT_PK" ON "ITD2024"."TB_PAYMENT" ("PAID") 
  PCTFREE 10 INITRANS 2 MAXTRANS 255 COMPUTE STATISTICS 
  STORAGE(INITIAL 65536 NEXT 1048576 MINEXTENTS 1 MAXEXTENTS 2147483645
  PCTINCREASE 0 FREELISTS 1 FREELIST GROUPS 1
  BUFFER_POOL DEFAULT FLASH_CACHE DEFAULT CELL_FLASH_CACHE DEFAULT)
  TABLESPACE "USERS" ;
--------------------------------------------------------
--  DDL for Index TB_REVIEW_PK
--------------------------------------------------------

  CREATE UNIQUE INDEX "ITD2024"."TB_REVIEW_PK" ON "ITD2024"."TB_REVIEW" ("RVID") 
  PCTFREE 10 INITRANS 2 MAXTRANS 255 COMPUTE STATISTICS 
  STORAGE(INITIAL 65536 NEXT 1048576 MINEXTENTS 1 MAXEXTENTS 2147483645
  PCTINCREASE 0 FREELISTS 1 FREELIST GROUPS 1
  BUFFER_POOL DEFAULT FLASH_CACHE DEFAULT CELL_FLASH_CACHE DEFAULT)
  TABLESPACE "USERS" ;
--------------------------------------------------------
--  DDL for Index TB_EXAMPLE_PK
--------------------------------------------------------

  CREATE UNIQUE INDEX "ITD2024"."TB_EXAMPLE_PK" ON "ITD2024"."TB_EXAMPLE" ("EXID") 
  PCTFREE 10 INITRANS 2 MAXTRANS 255 COMPUTE STATISTICS 
  STORAGE(INITIAL 65536 NEXT 1048576 MINEXTENTS 1 MAXEXTENTS 2147483645
  PCTINCREASE 0 FREELISTS 1 FREELIST GROUPS 1
  BUFFER_POOL DEFAULT FLASH_CACHE DEFAULT CELL_FLASH_CACHE DEFAULT)
  TABLESPACE "USERS" ;
--------------------------------------------------------
--  Constraints for Table TB_FILE_DB
--------------------------------------------------------

  ALTER TABLE "ITD2024"."TB_FILE_DB" MODIFY ("UUID" NOT NULL ENABLE);
  ALTER TABLE "ITD2024"."TB_FILE_DB" MODIFY ("INSERT_TIME" NOT NULL ENABLE);
  ALTER TABLE "ITD2024"."TB_FILE_DB" ADD CONSTRAINT "TB_FILE_DB_PK" PRIMARY KEY ("UUID")
  USING INDEX PCTFREE 10 INITRANS 2 MAXTRANS 255 COMPUTE STATISTICS 
  STORAGE(INITIAL 65536 NEXT 1048576 MINEXTENTS 1 MAXEXTENTS 2147483645
  PCTINCREASE 0 FREELISTS 1 FREELIST GROUPS 1
  BUFFER_POOL DEFAULT FLASH_CACHE DEFAULT CELL_FLASH_CACHE DEFAULT)
  TABLESPACE "USERS"  ENABLE;
--------------------------------------------------------
--  Constraints for Table TB_REVIEW
--------------------------------------------------------

  ALTER TABLE "ITD2024"."TB_REVIEW" MODIFY ("RVID" NOT NULL ENABLE);
  ALTER TABLE "ITD2024"."TB_REVIEW" MODIFY ("PRID" NOT NULL ENABLE);
  ALTER TABLE "ITD2024"."TB_REVIEW" MODIFY ("WRITER" NOT NULL ENABLE);
  ALTER TABLE "ITD2024"."TB_REVIEW" MODIFY ("INSERT_TIME" NOT NULL ENABLE);
  ALTER TABLE "ITD2024"."TB_REVIEW" ADD CONSTRAINT "TB_REVIEW_PK" PRIMARY KEY ("RVID")
  USING INDEX PCTFREE 10 INITRANS 2 MAXTRANS 255 COMPUTE STATISTICS 
  STORAGE(INITIAL 65536 NEXT 1048576 MINEXTENTS 1 MAXEXTENTS 2147483645
  PCTINCREASE 0 FREELISTS 1 FREELIST GROUPS 1
  BUFFER_POOL DEFAULT FLASH_CACHE DEFAULT CELL_FLASH_CACHE DEFAULT)
  TABLESPACE "USERS"  ENABLE;
--------------------------------------------------------
--  Constraints for Table TB_ORDER
--------------------------------------------------------

  ALTER TABLE "ITD2024"."TB_ORDER" MODIFY ("ORID" NOT NULL ENABLE);
  ALTER TABLE "ITD2024"."TB_ORDER" MODIFY ("PRID" NOT NULL ENABLE);
  ALTER TABLE "ITD2024"."TB_ORDER" MODIFY ("SIID" NOT NULL ENABLE);
  ALTER TABLE "ITD2024"."TB_ORDER" MODIFY ("QUANTITY" NOT NULL ENABLE);
  ALTER TABLE "ITD2024"."TB_ORDER" MODIFY ("PAID" NOT NULL ENABLE);
  ALTER TABLE "ITD2024"."TB_ORDER" MODIFY ("EMAIL" NOT NULL ENABLE);
  ALTER TABLE "ITD2024"."TB_ORDER" MODIFY ("INSERT_TIME" NOT NULL ENABLE);
  ALTER TABLE "ITD2024"."TB_ORDER" ADD CONSTRAINT "TB_ORDER_PK" PRIMARY KEY ("ORID")
  USING INDEX PCTFREE 10 INITRANS 2 MAXTRANS 255 COMPUTE STATISTICS 
  STORAGE(INITIAL 65536 NEXT 1048576 MINEXTENTS 1 MAXEXTENTS 2147483645
  PCTINCREASE 0 FREELISTS 1 FREELIST GROUPS 1
  BUFFER_POOL DEFAULT FLASH_CACHE DEFAULT CELL_FLASH_CACHE DEFAULT)
  TABLESPACE "USERS"  ENABLE;
--------------------------------------------------------
--  Constraints for Table TB_NOTICE
--------------------------------------------------------

  ALTER TABLE "ITD2024"."TB_NOTICE" MODIFY ("NOID" NOT NULL ENABLE);
  ALTER TABLE "ITD2024"."TB_NOTICE" MODIFY ("WRITER" NOT NULL ENABLE);
  ALTER TABLE "ITD2024"."TB_NOTICE" MODIFY ("INSERT_TIME" NOT NULL ENABLE);
  ALTER TABLE "ITD2024"."TB_NOTICE" ADD CONSTRAINT "TB_NOTICE_PK" PRIMARY KEY ("NOID")
  USING INDEX PCTFREE 10 INITRANS 2 MAXTRANS 255 COMPUTE STATISTICS 
  STORAGE(INITIAL 65536 NEXT 1048576 MINEXTENTS 1 MAXEXTENTS 2147483645
  PCTINCREASE 0 FREELISTS 1 FREELIST GROUPS 1
  BUFFER_POOL DEFAULT FLASH_CACHE DEFAULT CELL_FLASH_CACHE DEFAULT)
  TABLESPACE "USERS"  ENABLE;
--------------------------------------------------------
--  Constraints for Table TB_INQUIRY
--------------------------------------------------------

  ALTER TABLE "ITD2024"."TB_INQUIRY" MODIFY ("IQID" NOT NULL ENABLE);
  ALTER TABLE "ITD2024"."TB_INQUIRY" MODIFY ("WRITER" NOT NULL ENABLE);
  ALTER TABLE "ITD2024"."TB_INQUIRY" MODIFY ("INSERT_TIME" NOT NULL ENABLE);
  ALTER TABLE "ITD2024"."TB_INQUIRY" ADD CONSTRAINT "TB_FAQ_PK" PRIMARY KEY ("IQID")
  USING INDEX PCTFREE 10 INITRANS 2 MAXTRANS 255 COMPUTE STATISTICS 
  STORAGE(INITIAL 65536 NEXT 1048576 MINEXTENTS 1 MAXEXTENTS 2147483645
  PCTINCREASE 0 FREELISTS 1 FREELIST GROUPS 1
  BUFFER_POOL DEFAULT FLASH_CACHE DEFAULT CELL_FLASH_CACHE DEFAULT)
  TABLESPACE "USERS"  ENABLE;
--------------------------------------------------------
--  Constraints for Table TB_PRODUCT
--------------------------------------------------------

  ALTER TABLE "ITD2024"."TB_PRODUCT" MODIFY ("PRID" NOT NULL ENABLE);
  ALTER TABLE "ITD2024"."TB_PRODUCT" MODIFY ("CODE" NOT NULL ENABLE);
  ALTER TABLE "ITD2024"."TB_PRODUCT" MODIFY ("GENDER" NOT NULL ENABLE);
  ALTER TABLE "ITD2024"."TB_PRODUCT" MODIFY ("INSERT_TIME" NOT NULL ENABLE);
  ALTER TABLE "ITD2024"."TB_PRODUCT" ADD CONSTRAINT "TB_PRODECT_PK" PRIMARY KEY ("PRID")
  USING INDEX PCTFREE 10 INITRANS 2 MAXTRANS 255 COMPUTE STATISTICS 
  STORAGE(INITIAL 65536 NEXT 1048576 MINEXTENTS 1 MAXEXTENTS 2147483645
  PCTINCREASE 0 FREELISTS 1 FREELIST GROUPS 1
  BUFFER_POOL DEFAULT FLASH_CACHE DEFAULT CELL_FLASH_CACHE DEFAULT)
  TABLESPACE "USERS"  ENABLE;
--------------------------------------------------------
--  Constraints for Table TB_MEMBER
--------------------------------------------------------

  ALTER TABLE "ITD2024"."TB_MEMBER" MODIFY ("PASSWORD" NOT NULL ENABLE);
  ALTER TABLE "ITD2024"."TB_MEMBER" MODIFY ("CODE_NAME" NOT NULL ENABLE);
  ALTER TABLE "ITD2024"."TB_MEMBER" MODIFY ("INSERT_TIME" NOT NULL ENABLE);
  ALTER TABLE "ITD2024"."TB_MEMBER" MODIFY ("EMAIL" NOT NULL ENABLE);
  ALTER TABLE "ITD2024"."TB_MEMBER" ADD CONSTRAINT "TB_MEMBER_PK" PRIMARY KEY ("EMAIL")
  USING INDEX PCTFREE 10 INITRANS 2 MAXTRANS 255 COMPUTE STATISTICS 
  STORAGE(INITIAL 65536 NEXT 1048576 MINEXTENTS 1 MAXEXTENTS 2147483645
  PCTINCREASE 0 FREELISTS 1 FREELIST GROUPS 1
  BUFFER_POOL DEFAULT FLASH_CACHE DEFAULT CELL_FLASH_CACHE DEFAULT)
  TABLESPACE "USERS"  ENABLE;
--------------------------------------------------------
--  Constraints for Table TB_INVENTORY
--------------------------------------------------------

  ALTER TABLE "ITD2024"."TB_INVENTORY" MODIFY ("INID" NOT NULL ENABLE);
  ALTER TABLE "ITD2024"."TB_INVENTORY" MODIFY ("PRID" NOT NULL ENABLE);
  ALTER TABLE "ITD2024"."TB_INVENTORY" MODIFY ("SIID" NOT NULL ENABLE);
  ALTER TABLE "ITD2024"."TB_INVENTORY" MODIFY ("QUANTITY" NOT NULL ENABLE);
  ALTER TABLE "ITD2024"."TB_INVENTORY" MODIFY ("INSERT_TIME" NOT NULL ENABLE);
  ALTER TABLE "ITD2024"."TB_INVENTORY" ADD CONSTRAINT "TB_INVENTORY_PK" PRIMARY KEY ("INID")
  USING INDEX PCTFREE 10 INITRANS 2 MAXTRANS 255 COMPUTE STATISTICS 
  TABLESPACE "USERS"  ENABLE;
--------------------------------------------------------
--  Constraints for Table TB_SIZE
--------------------------------------------------------

  ALTER TABLE "ITD2024"."TB_SIZE" MODIFY ("SIID" NOT NULL ENABLE);
  ALTER TABLE "ITD2024"."TB_SIZE" MODIFY ("INSERT_TIME" NOT NULL ENABLE);
  ALTER TABLE "ITD2024"."TB_SIZE" ADD CONSTRAINT "TB_SIZE_PK" PRIMARY KEY ("SIID")
  USING INDEX PCTFREE 10 INITRANS 2 MAXTRANS 255 COMPUTE STATISTICS 
  STORAGE(INITIAL 65536 NEXT 1048576 MINEXTENTS 1 MAXEXTENTS 2147483645
  PCTINCREASE 0 FREELISTS 1 FREELIST GROUPS 1
  BUFFER_POOL DEFAULT FLASH_CACHE DEFAULT CELL_FLASH_CACHE DEFAULT)
  TABLESPACE "USERS"  ENABLE;
--------------------------------------------------------
--  Constraints for Table TB_PAYMENT
--------------------------------------------------------

  ALTER TABLE "ITD2024"."TB_PAYMENT" MODIFY ("PAID" NOT NULL ENABLE);
  ALTER TABLE "ITD2024"."TB_PAYMENT" MODIFY ("CODE" NOT NULL ENABLE);
  ALTER TABLE "ITD2024"."TB_PAYMENT" MODIFY ("PAY_TYPE" NOT NULL ENABLE);
  ALTER TABLE "ITD2024"."TB_PAYMENT" MODIFY ("TOTAL_PRICE" NOT NULL ENABLE);
  ALTER TABLE "ITD2024"."TB_PAYMENT" MODIFY ("EMAIL" NOT NULL ENABLE);
  ALTER TABLE "ITD2024"."TB_PAYMENT" MODIFY ("INSERT_TIME" NOT NULL ENABLE);
  ALTER TABLE "ITD2024"."TB_PAYMENT" ADD CONSTRAINT "TB_PAYMENT_PK" PRIMARY KEY ("PAID")
  USING INDEX PCTFREE 10 INITRANS 2 MAXTRANS 255 COMPUTE STATISTICS 
  STORAGE(INITIAL 65536 NEXT 1048576 MINEXTENTS 1 MAXEXTENTS 2147483645
  PCTINCREASE 0 FREELISTS 1 FREELIST GROUPS 1
  BUFFER_POOL DEFAULT FLASH_CACHE DEFAULT CELL_FLASH_CACHE DEFAULT)
  TABLESPACE "USERS"  ENABLE;
--------------------------------------------------------
--  Constraints for Table TB_DELIVERY
--------------------------------------------------------

  ALTER TABLE "ITD2024"."TB_DELIVERY" MODIFY ("DEID" NOT NULL ENABLE);
  ALTER TABLE "ITD2024"."TB_DELIVERY" MODIFY ("CODE" NOT NULL ENABLE);
  ALTER TABLE "ITD2024"."TB_DELIVERY" MODIFY ("COURIER" NOT NULL ENABLE);
  ALTER TABLE "ITD2024"."TB_DELIVERY" MODIFY ("EMAIL" NOT NULL ENABLE);
  ALTER TABLE "ITD2024"."TB_DELIVERY" MODIFY ("ORDER_ADDRESS" NOT NULL ENABLE);
  ALTER TABLE "ITD2024"."TB_DELIVERY" MODIFY ("ORDER_ZIP_CODE" NOT NULL ENABLE);
  ALTER TABLE "ITD2024"."TB_DELIVERY" MODIFY ("CONSIGNEE_NAME" NOT NULL ENABLE);
  ALTER TABLE "ITD2024"."TB_DELIVERY" MODIFY ("CONSIGNEE_PHONE_NUMBER" NOT NULL ENABLE);
  ALTER TABLE "ITD2024"."TB_DELIVERY" MODIFY ("CONSIGNEE_ADDRESS" NOT NULL ENABLE);
  ALTER TABLE "ITD2024"."TB_DELIVERY" MODIFY ("CONSIGNEE_ZIP_CODE" NOT NULL ENABLE);
  ALTER TABLE "ITD2024"."TB_DELIVERY" MODIFY ("INSERT_TIME" NOT NULL ENABLE);
  ALTER TABLE "ITD2024"."TB_DELIVERY" ADD CONSTRAINT "TABLE1_PK" PRIMARY KEY ("DEID")
  USING INDEX PCTFREE 10 INITRANS 2 MAXTRANS 255 COMPUTE STATISTICS 
  STORAGE(INITIAL 65536 NEXT 1048576 MINEXTENTS 1 MAXEXTENTS 2147483645
  PCTINCREASE 0 FREELISTS 1 FREELIST GROUPS 1
  BUFFER_POOL DEFAULT FLASH_CACHE DEFAULT CELL_FLASH_CACHE DEFAULT)
  TABLESPACE "USERS"  ENABLE;
  ALTER TABLE "ITD2024"."TB_DELIVERY" MODIFY ("PAID" NOT NULL ENABLE);
  ALTER TABLE "ITD2024"."TB_DELIVERY" MODIFY ("STATE" NOT NULL ENABLE);
--------------------------------------------------------
--  Constraints for Table TB_EXAMPLE
--------------------------------------------------------

  ALTER TABLE "ITD2024"."TB_EXAMPLE" MODIFY ("EXID" NOT NULL ENABLE);
  ALTER TABLE "ITD2024"."TB_EXAMPLE" MODIFY ("TITLE" NOT NULL ENABLE);
  ALTER TABLE "ITD2024"."TB_EXAMPLE" MODIFY ("INSERT_TIME" NOT NULL ENABLE);
  ALTER TABLE "ITD2024"."TB_EXAMPLE" ADD CONSTRAINT "TB_EXAMPLE_PK" PRIMARY KEY ("EXID")
  USING INDEX PCTFREE 10 INITRANS 2 MAXTRANS 255 COMPUTE STATISTICS 
  STORAGE(INITIAL 65536 NEXT 1048576 MINEXTENTS 1 MAXEXTENTS 2147483645
  PCTINCREASE 0 FREELISTS 1 FREELIST GROUPS 1
  BUFFER_POOL DEFAULT FLASH_CACHE DEFAULT CELL_FLASH_CACHE DEFAULT)
  TABLESPACE "USERS"  ENABLE;
--------------------------------------------------------
--  Constraints for Table TB_CART
--------------------------------------------------------

  ALTER TABLE "ITD2024"."TB_CART" MODIFY ("CAID" NOT NULL ENABLE);
  ALTER TABLE "ITD2024"."TB_CART" MODIFY ("PRID" NOT NULL ENABLE);
  ALTER TABLE "ITD2024"."TB_CART" MODIFY ("SIID" NOT NULL ENABLE);
  ALTER TABLE "ITD2024"."TB_CART" MODIFY ("QUANTITY" NOT NULL ENABLE);
  ALTER TABLE "ITD2024"."TB_CART" MODIFY ("EMAIL" NOT NULL ENABLE);
  ALTER TABLE "ITD2024"."TB_CART" MODIFY ("INSERT_TIME" NOT NULL ENABLE);
  ALTER TABLE "ITD2024"."TB_CART" ADD CONSTRAINT "TB_CART_PK" PRIMARY KEY ("CAID")
  USING INDEX PCTFREE 10 INITRANS 2 MAXTRANS 255 COMPUTE STATISTICS 
  STORAGE(INITIAL 65536 NEXT 1048576 MINEXTENTS 1 MAXEXTENTS 2147483645
  PCTINCREASE 0 FREELISTS 1 FREELIST GROUPS 1
  BUFFER_POOL DEFAULT FLASH_CACHE DEFAULT CELL_FLASH_CACHE DEFAULT)
  TABLESPACE "USERS"  ENABLE;
--------------------------------------------------------
--  Ref Constraints for Table TB_CART
--------------------------------------------------------

  ALTER TABLE "ITD2024"."TB_CART" ADD CONSTRAINT "CART_PRODUCT_FK" FOREIGN KEY ("PRID")
	  REFERENCES "ITD2024"."TB_PRODUCT" ("PRID") ON DELETE CASCADE ENABLE;
  ALTER TABLE "ITD2024"."TB_CART" ADD CONSTRAINT "CART_SIZE_FK" FOREIGN KEY ("SIID")
	  REFERENCES "ITD2024"."TB_SIZE" ("SIID") ON DELETE CASCADE ENABLE;
  ALTER TABLE "ITD2024"."TB_CART" ADD CONSTRAINT "CART_MEMBER_FK" FOREIGN KEY ("EMAIL")
	  REFERENCES "ITD2024"."TB_MEMBER" ("EMAIL") ON DELETE CASCADE ENABLE;
--------------------------------------------------------
--  Ref Constraints for Table TB_DELIVERY
--------------------------------------------------------

  ALTER TABLE "ITD2024"."TB_DELIVERY" ADD CONSTRAINT "DELIVERY_MEMBER_FK" FOREIGN KEY ("EMAIL")
	  REFERENCES "ITD2024"."TB_MEMBER" ("EMAIL") ON DELETE CASCADE ENABLE;
  ALTER TABLE "ITD2024"."TB_DELIVERY" ADD CONSTRAINT "DELIVERY_PAYMENT_FK" FOREIGN KEY ("PAID")
	  REFERENCES "ITD2024"."TB_PAYMENT" ("PAID") ON DELETE CASCADE ENABLE;
--------------------------------------------------------
--  Ref Constraints for Table TB_FILE_DB
--------------------------------------------------------

  ALTER TABLE "ITD2024"."TB_FILE_DB" ADD CONSTRAINT "FILE_PRODUCT_FK" FOREIGN KEY ("PRID")
	  REFERENCES "ITD2024"."TB_PRODUCT" ("PRID") ON DELETE CASCADE ENABLE;
--------------------------------------------------------
--  Ref Constraints for Table TB_INQUIRY
--------------------------------------------------------

  ALTER TABLE "ITD2024"."TB_INQUIRY" ADD CONSTRAINT "INQUIRY_MEMBER_FK" FOREIGN KEY ("WRITER")
	  REFERENCES "ITD2024"."TB_MEMBER" ("EMAIL") ON DELETE CASCADE ENABLE;
  ALTER TABLE "ITD2024"."TB_INQUIRY" ADD CONSTRAINT "INQUIRY_INQUIRY_FK" FOREIGN KEY ("REID")
	  REFERENCES "ITD2024"."TB_INQUIRY" ("IQID") ON DELETE CASCADE ENABLE;
--------------------------------------------------------
--  Ref Constraints for Table TB_INVENTORY
--------------------------------------------------------

  ALTER TABLE "ITD2024"."TB_INVENTORY" ADD CONSTRAINT "INVENTORY_SIZE_FK" FOREIGN KEY ("SIID")
	  REFERENCES "ITD2024"."TB_SIZE" ("SIID") ON DELETE CASCADE ENABLE;
  ALTER TABLE "ITD2024"."TB_INVENTORY" ADD CONSTRAINT "INVENTORY_PRODUCT_FK" FOREIGN KEY ("PRID")
	  REFERENCES "ITD2024"."TB_PRODUCT" ("PRID") ON DELETE CASCADE ENABLE;
--------------------------------------------------------
--  Ref Constraints for Table TB_NOTICE
--------------------------------------------------------

  ALTER TABLE "ITD2024"."TB_NOTICE" ADD CONSTRAINT "NOTICE_MEMBER_FK" FOREIGN KEY ("WRITER")
	  REFERENCES "ITD2024"."TB_MEMBER" ("EMAIL") ON DELETE CASCADE ENABLE;
--------------------------------------------------------
--  Ref Constraints for Table TB_ORDER
--------------------------------------------------------

  ALTER TABLE "ITD2024"."TB_ORDER" ADD CONSTRAINT "ORDER_PRODUCT_FK" FOREIGN KEY ("PRID")
	  REFERENCES "ITD2024"."TB_PRODUCT" ("PRID") ON DELETE CASCADE ENABLE;
  ALTER TABLE "ITD2024"."TB_ORDER" ADD CONSTRAINT "ORDER_SIZE_FK" FOREIGN KEY ("SIID")
	  REFERENCES "ITD2024"."TB_SIZE" ("SIID") ON DELETE CASCADE ENABLE;
  ALTER TABLE "ITD2024"."TB_ORDER" ADD CONSTRAINT "ORDER_MEMBER_FK" FOREIGN KEY ("EMAIL")
	  REFERENCES "ITD2024"."TB_MEMBER" ("EMAIL") ON DELETE CASCADE ENABLE;
  ALTER TABLE "ITD2024"."TB_ORDER" ADD CONSTRAINT "ORDER_PAYMENT_FK" FOREIGN KEY ("PAID")
	  REFERENCES "ITD2024"."TB_PAYMENT" ("PAID") ON DELETE CASCADE ENABLE;
--------------------------------------------------------
--  Ref Constraints for Table TB_PAYMENT
--------------------------------------------------------

  ALTER TABLE "ITD2024"."TB_PAYMENT" ADD CONSTRAINT "PAYMENT_MEMBER_FK" FOREIGN KEY ("EMAIL")
	  REFERENCES "ITD2024"."TB_MEMBER" ("EMAIL") ON DELETE CASCADE ENABLE;
--------------------------------------------------------
--  Ref Constraints for Table TB_REVIEW
--------------------------------------------------------

  ALTER TABLE "ITD2024"."TB_REVIEW" ADD CONSTRAINT "REVIEW_PRODUCT_FK" FOREIGN KEY ("PRID")
	  REFERENCES "ITD2024"."TB_PRODUCT" ("PRID") ON DELETE CASCADE ENABLE;
  ALTER TABLE "ITD2024"."TB_REVIEW" ADD CONSTRAINT "REVIEW_MEMBER_FK" FOREIGN KEY ("WRITER")
	  REFERENCES "ITD2024"."TB_MEMBER" ("EMAIL") ON DELETE CASCADE ENABLE;
