--------------------------------------------------------
--  파일이 생성됨 - 월요일-10월-14-2024   
--------------------------------------------------------
DROP SEQUENCE "ITN2024"."BOOK_SEQ";
DROP SEQUENCE "ITN2024"."CINEMA_SEQ";
DROP SEQUENCE "ITN2024"."EXAM_SEQ";
DROP SEQUENCE "ITN2024"."FAQ_SEQ";
DROP SEQUENCE "ITN2024"."INQUIRY_ANSWER_SEQ";
DROP SEQUENCE "ITN2024"."INQUIRY_SEQ";
DROP SEQUENCE "ITN2024"."NOTICE_SEQ";
DROP SEQUENCE "ITN2024"."PAYMENT_SEQ";
DROP SEQUENCE "ITN2024"."PRICE_SEQ";
DROP SEQUENCE "ITN2024"."PRID_SEQ";
DROP SEQUENCE "ITN2024"."PRODUCT_REVIEW_SEQ";
DROP SEQUENCE "ITN2024"."PRODUCT_SEQ";
DROP SEQUENCE "ITN2024"."SAMPLE_SEQ";
DROP SEQUENCE "ITN2024"."SCREENING_SEQ";
DROP SEQUENCE "ITN2024"."SQ_STORE";
DROP TABLE "ITN2024"."BOOK_TB";
DROP TABLE "ITN2024"."CINEMA_TB";
DROP TABLE "ITN2024"."EXAM_TB";
DROP TABLE "ITN2024"."FAQ_TB";
DROP TABLE "ITN2024"."INQUIRY_ANSWER_TB";
DROP TABLE "ITN2024"."INQUIRY_TB";
DROP TABLE "ITN2024"."MEMBER_TB";
DROP TABLE "ITN2024"."NOTICE_TB";
DROP TABLE "ITN2024"."PAYMENT_TB";
DROP TABLE "ITN2024"."PRICE_TB";
DROP TABLE "ITN2024"."PRODUCT_REVIEW_TB";
DROP TABLE "ITN2024"."PRODUCT_TB";
DROP TABLE "ITN2024"."SCREENING_TB";
--------------------------------------------------------
--  DDL for Sequence BOOK_SEQ
--------------------------------------------------------

   CREATE SEQUENCE  "ITN2024"."BOOK_SEQ"  MINVALUE 1 MAXVALUE 9999 INCREMENT BY 1 START WITH 7 NOCACHE  NOORDER  NOCYCLE  NOKEEP  NOSCALE  GLOBAL ;
--------------------------------------------------------
--  DDL for Sequence CINEMA_SEQ
--------------------------------------------------------

   CREATE SEQUENCE  "ITN2024"."CINEMA_SEQ"  MINVALUE 1 MAXVALUE 9999 INCREMENT BY 1 START WITH 41 CACHE 20 NOORDER  NOCYCLE  NOKEEP  NOSCALE  GLOBAL ;
--------------------------------------------------------
--  DDL for Sequence EXAM_SEQ
--------------------------------------------------------

   CREATE SEQUENCE  "ITN2024"."EXAM_SEQ"  MINVALUE 1 MAXVALUE 9999 INCREMENT BY 1 START WITH 41 CACHE 20 NOORDER  NOCYCLE  NOKEEP  NOSCALE  GLOBAL ;
--------------------------------------------------------
--  DDL for Sequence FAQ_SEQ
--------------------------------------------------------

   CREATE SEQUENCE  "ITN2024"."FAQ_SEQ"  MINVALUE 1 MAXVALUE 9999 INCREMENT BY 1 START WITH 81 CACHE 20 NOORDER  NOCYCLE  NOKEEP  NOSCALE  GLOBAL ;
--------------------------------------------------------
--  DDL for Sequence INQUIRY_ANSWER_SEQ
--------------------------------------------------------

   CREATE SEQUENCE  "ITN2024"."INQUIRY_ANSWER_SEQ"  MINVALUE 1 MAXVALUE 9999 INCREMENT BY 1 START WITH 161 CACHE 20 NOORDER  NOCYCLE  NOKEEP  NOSCALE  GLOBAL ;
--------------------------------------------------------
--  DDL for Sequence INQUIRY_SEQ
--------------------------------------------------------

   CREATE SEQUENCE  "ITN2024"."INQUIRY_SEQ"  MINVALUE 1 MAXVALUE 9999 INCREMENT BY 1 START WITH 390 CACHE 20 NOORDER  NOCYCLE  NOKEEP  NOSCALE  GLOBAL ;
--------------------------------------------------------
--  DDL for Sequence NOTICE_SEQ
--------------------------------------------------------

   CREATE SEQUENCE  "ITN2024"."NOTICE_SEQ"  MINVALUE 1 MAXVALUE 9999 INCREMENT BY 1 START WITH 101 CACHE 20 NOORDER  NOCYCLE  NOKEEP  NOSCALE  GLOBAL ;
--------------------------------------------------------
--  DDL for Sequence PAYMENT_SEQ
--------------------------------------------------------

   CREATE SEQUENCE  "ITN2024"."PAYMENT_SEQ"  MINVALUE 1 MAXVALUE 9999 INCREMENT BY 1 START WITH 6 NOCACHE  NOORDER  NOCYCLE  NOKEEP  NOSCALE  GLOBAL ;
--------------------------------------------------------
--  DDL for Sequence PRICE_SEQ
--------------------------------------------------------

   CREATE SEQUENCE  "ITN2024"."PRICE_SEQ"  MINVALUE 1 MAXVALUE 9999 INCREMENT BY 1 START WITH 21 CACHE 20 NOORDER  NOCYCLE  NOKEEP  NOSCALE  GLOBAL ;
--------------------------------------------------------
--  DDL for Sequence PRID_SEQ
--------------------------------------------------------

   CREATE SEQUENCE  "ITN2024"."PRID_SEQ"  MINVALUE 1 MAXVALUE 9999999999999999999999999999 INCREMENT BY 1 START WITH 281 CACHE 20 NOORDER  NOCYCLE  NOKEEP  NOSCALE  GLOBAL ;
--------------------------------------------------------
--  DDL for Sequence PRODUCT_REVIEW_SEQ
--------------------------------------------------------

   CREATE SEQUENCE  "ITN2024"."PRODUCT_REVIEW_SEQ"  MINVALUE 1 MAXVALUE 9999 INCREMENT BY 1 START WITH 6 NOCACHE  NOORDER  NOCYCLE  NOKEEP  NOSCALE  GLOBAL ;
--------------------------------------------------------
--  DDL for Sequence PRODUCT_SEQ
--------------------------------------------------------

   CREATE SEQUENCE  "ITN2024"."PRODUCT_SEQ"  MINVALUE 1 MAXVALUE 9999 INCREMENT BY 1 START WITH 32 NOCACHE  NOORDER  NOCYCLE  NOKEEP  NOSCALE  GLOBAL ;
--------------------------------------------------------
--  DDL for Sequence SAMPLE_SEQ
--------------------------------------------------------

   CREATE SEQUENCE  "ITN2024"."SAMPLE_SEQ"  MINVALUE 1 MAXVALUE 9999 INCREMENT BY 1 START WITH 23 CACHE 20 NOORDER  NOCYCLE  NOKEEP  NOSCALE  GLOBAL ;
--------------------------------------------------------
--  DDL for Sequence SCREENING_SEQ
--------------------------------------------------------

   CREATE SEQUENCE  "ITN2024"."SCREENING_SEQ"  MINVALUE 1 MAXVALUE 9999 INCREMENT BY 1 START WITH 201 CACHE 20 NOORDER  NOCYCLE  NOKEEP  NOSCALE  GLOBAL ;
--------------------------------------------------------
--  DDL for Sequence SQ_STORE
--------------------------------------------------------

   CREATE SEQUENCE  "ITN2024"."SQ_STORE"  MINVALUE 1 MAXVALUE 9999999999999999999999999999 INCREMENT BY 1 START WITH 21 CACHE 20 NOORDER  NOCYCLE  NOKEEP  NOSCALE  GLOBAL ;
--------------------------------------------------------
--  DDL for Table BOOK_TB
--------------------------------------------------------

  CREATE TABLE "ITN2024"."BOOK_TB" 
   (	"BOID" VARCHAR2(5 BYTE), 
	"BOOK_NUM" VARCHAR2(10 BYTE), 
	"EMAIL" VARCHAR2(30 BYTE), 
	"SELECT_NUM" NUMBER(2,0), 
	"SELECT_SEAT" VARCHAR2(1000 BYTE), 
	"CHILDREN_NUM" NUMBER(2,0), 
	"TEENAGER_NUM" NUMBER(2,0), 
	"ADULT_NUM" NUMBER(2,0), 
	"AGED_NUM" NUMBER(2,0), 
	"SCID" VARCHAR2(5 BYTE), 
	"INSERT_TIME" VARCHAR2(30 BYTE) DEFAULT TO_CHAR(SYSDATE,'YYYY/MM/DD HH24:MI:SS'), 
	"UPDATE_TIME" VARCHAR2(30 BYTE) DEFAULT NULL, 
	"TITLE" VARCHAR2(100 BYTE), 
	"TOTALPRICE" NUMBER(20,0), 
	"CITY" VARCHAR2(10 BYTE), 
	"CINEMA" VARCHAR2(20 BYTE), 
	"BRANCH" VARCHAR2(50 BYTE), 
	"THEATER" NUMBER(3,0), 
	"ADDRESS" VARCHAR2(500 BYTE), 
	"SHOWING_TIME" VARCHAR2(30 BYTE), 
	"START_TIME" VARCHAR2(30 BYTE), 
	"END_TIME" VARCHAR2(30 BYTE), 
	"RUNNING_TIME" NUMBER(3,0), 
	"IMAGE_SMALL_URL" VARCHAR2(300 BYTE), 
	"CHILDREN_PRICE" NUMBER(20,0), 
	"TEENAGER_PRICE" NUMBER(20,0), 
	"ADULT_PRICE" NUMBER(20,0), 
	"AGED_PRICE" NUMBER(20,0)
   ) SEGMENT CREATION IMMEDIATE 
  PCTFREE 10 PCTUSED 40 INITRANS 1 MAXTRANS 255 
 NOCOMPRESS LOGGING
  STORAGE(INITIAL 65536 NEXT 1048576 MINEXTENTS 1 MAXEXTENTS 2147483645
  PCTINCREASE 0 FREELISTS 1 FREELIST GROUPS 1
  BUFFER_POOL DEFAULT FLASH_CACHE DEFAULT CELL_FLASH_CACHE DEFAULT)
  TABLESPACE "USERS" ;
--------------------------------------------------------
--  DDL for Table CINEMA_TB
--------------------------------------------------------

  CREATE TABLE "ITN2024"."CINEMA_TB" 
   (	"CIID" VARCHAR2(5 BYTE), 
	"CINEMA" VARCHAR2(10 BYTE), 
	"BRANCH" VARCHAR2(20 BYTE), 
	"THEATER" NUMBER(3,0), 
	"SEATS" NUMBER(2,0), 
	"CITY" VARCHAR2(10 BYTE), 
	"ADDRESS" VARCHAR2(500 BYTE), 
	"IMAGE_URL" VARCHAR2(300 BYTE) DEFAULT NULL, 
	"INSERT_TIME" VARCHAR2(30 BYTE) DEFAULT TO_CHAR(SYSDATE,'YYYY/MM/DD HH24:MI:SS'), 
	"UPDATE_TIME" VARCHAR2(30 BYTE) DEFAULT NULL
   ) SEGMENT CREATION IMMEDIATE 
  PCTFREE 10 PCTUSED 40 INITRANS 1 MAXTRANS 255 
 NOCOMPRESS LOGGING
  STORAGE(INITIAL 65536 NEXT 1048576 MINEXTENTS 1 MAXEXTENTS 2147483645
  PCTINCREASE 0 FREELISTS 1 FREELIST GROUPS 1
  BUFFER_POOL DEFAULT FLASH_CACHE DEFAULT CELL_FLASH_CACHE DEFAULT)
  TABLESPACE "USERS" ;
--------------------------------------------------------
--  DDL for Table EXAM_TB
--------------------------------------------------------

  CREATE TABLE "ITN2024"."EXAM_TB" 
   (	"UUID" VARCHAR2(5 BYTE), 
	"TITLE" VARCHAR2(200 BYTE), 
	"CONTENTS" VARCHAR2(1000 BYTE) DEFAULT NULL, 
	"INSERT_TIME" VARCHAR2(30 BYTE) DEFAULT TO_CHAR(SYSDATE,'YYYY/MM/DD HH24:MI:SS'), 
	"UPDATE_TIME" VARCHAR2(30 BYTE) DEFAULT NULL
   ) SEGMENT CREATION IMMEDIATE 
  PCTFREE 10 PCTUSED 40 INITRANS 1 MAXTRANS 255 
 NOCOMPRESS LOGGING
  STORAGE(INITIAL 65536 NEXT 1048576 MINEXTENTS 1 MAXEXTENTS 2147483645
  PCTINCREASE 0 FREELISTS 1 FREELIST GROUPS 1
  BUFFER_POOL DEFAULT FLASH_CACHE DEFAULT CELL_FLASH_CACHE DEFAULT)
  TABLESPACE "USERS" ;
--------------------------------------------------------
--  DDL for Table FAQ_TB
--------------------------------------------------------

  CREATE TABLE "ITN2024"."FAQ_TB" 
   (	"FAID" VARCHAR2(5 BYTE), 
	"TITLE" VARCHAR2(100 BYTE), 
	"CONTENTS" VARCHAR2(1000 BYTE), 
	"WRITER" VARCHAR2(30 BYTE) DEFAULT NULL, 
	"INSERT_TIME" VARCHAR2(30 BYTE) DEFAULT TO_CHAR(SYSDATE,'YYYY/MM/DD HH24:MI:SS'), 
	"UPDATE_TIME" VARCHAR2(30 BYTE) DEFAULT NULL
   ) SEGMENT CREATION IMMEDIATE 
  PCTFREE 10 PCTUSED 40 INITRANS 1 MAXTRANS 255 
 NOCOMPRESS LOGGING
  STORAGE(INITIAL 65536 NEXT 1048576 MINEXTENTS 1 MAXEXTENTS 2147483645
  PCTINCREASE 0 FREELISTS 1 FREELIST GROUPS 1
  BUFFER_POOL DEFAULT FLASH_CACHE DEFAULT CELL_FLASH_CACHE DEFAULT)
  TABLESPACE "USERS" ;
--------------------------------------------------------
--  DDL for Table INQUIRY_ANSWER_TB
--------------------------------------------------------

  CREATE TABLE "ITN2024"."INQUIRY_ANSWER_TB" 
   (	"ANID" VARCHAR2(5 BYTE), 
	"CONTENTS" VARCHAR2(1000 BYTE), 
	"INID" VARCHAR2(5 BYTE), 
	"WRITER" VARCHAR2(30 BYTE) DEFAULT NULL, 
	"INSERT_TIME" VARCHAR2(30 BYTE) DEFAULT TO_CHAR(SYSDATE,'YYYY/MM/DD HH24:MI:SS'), 
	"UPDATE_TIME" VARCHAR2(20 BYTE) DEFAULT NULL
   ) SEGMENT CREATION IMMEDIATE 
  PCTFREE 10 PCTUSED 40 INITRANS 1 MAXTRANS 255 
 NOCOMPRESS LOGGING
  STORAGE(INITIAL 65536 NEXT 1048576 MINEXTENTS 1 MAXEXTENTS 2147483645
  PCTINCREASE 0 FREELISTS 1 FREELIST GROUPS 1
  BUFFER_POOL DEFAULT FLASH_CACHE DEFAULT CELL_FLASH_CACHE DEFAULT)
  TABLESPACE "USERS" ;
--------------------------------------------------------
--  DDL for Table INQUIRY_TB
--------------------------------------------------------

  CREATE TABLE "ITN2024"."INQUIRY_TB" 
   (	"INID" VARCHAR2(5 BYTE), 
	"CONTENTS" VARCHAR2(1000 BYTE), 
	"WRITER" VARCHAR2(30 BYTE) DEFAULT NULL, 
	"INSERT_TIME" VARCHAR2(30 BYTE) DEFAULT TO_CHAR(SYSDATE,'YYYY/MM/DD HH24:MI:SS')
   ) SEGMENT CREATION IMMEDIATE 
  PCTFREE 10 PCTUSED 40 INITRANS 1 MAXTRANS 255 
 NOCOMPRESS LOGGING
  STORAGE(INITIAL 65536 NEXT 1048576 MINEXTENTS 1 MAXEXTENTS 2147483645
  PCTINCREASE 0 FREELISTS 1 FREELIST GROUPS 1
  BUFFER_POOL DEFAULT FLASH_CACHE DEFAULT CELL_FLASH_CACHE DEFAULT)
  TABLESPACE "USERS" ;
--------------------------------------------------------
--  DDL for Table MEMBER_TB
--------------------------------------------------------

  CREATE TABLE "ITN2024"."MEMBER_TB" 
   (	"EMAIL" VARCHAR2(30 BYTE), 
	"PASSWORD" VARCHAR2(100 BYTE), 
	"PHONE" VARCHAR2(20 BYTE), 
	"GRADE" VARCHAR2(20 BYTE) DEFAULT 'CUSTOMER', 
	"INSERT_TIME" VARCHAR2(30 BYTE) DEFAULT TO_CHAR(SYSDATE,'YYYY/MM/DD HH24:MI:SS'), 
	"UPDATE_TIME" VARCHAR2(30 BYTE) DEFAULT NULL
   ) SEGMENT CREATION IMMEDIATE 
  PCTFREE 10 PCTUSED 40 INITRANS 1 MAXTRANS 255 
 NOCOMPRESS LOGGING
  STORAGE(INITIAL 65536 NEXT 1048576 MINEXTENTS 1 MAXEXTENTS 2147483645
  PCTINCREASE 0 FREELISTS 1 FREELIST GROUPS 1
  BUFFER_POOL DEFAULT FLASH_CACHE DEFAULT CELL_FLASH_CACHE DEFAULT)
  TABLESPACE "USERS" ;
--------------------------------------------------------
--  DDL for Table NOTICE_TB
--------------------------------------------------------

  CREATE TABLE "ITN2024"."NOTICE_TB" 
   (	"NOID" VARCHAR2(5 BYTE), 
	"TITLE" VARCHAR2(1000 BYTE), 
	"CONTENTS" VARCHAR2(1000 BYTE) DEFAULT NULL, 
	"FILE_URL" VARCHAR2(100 BYTE) DEFAULT NULL, 
	"WRITER" VARCHAR2(30 BYTE) DEFAULT NULL, 
	"INSERT_TIME" VARCHAR2(30 BYTE) DEFAULT TO_CHAR(SYSDATE,'YYYY/MM/DD HH24:MI:SS'), 
	"UPDATE_TIME" VARCHAR2(30 BYTE) DEFAULT NULL
   ) SEGMENT CREATION IMMEDIATE 
  PCTFREE 10 PCTUSED 40 INITRANS 1 MAXTRANS 255 
 NOCOMPRESS LOGGING
  STORAGE(INITIAL 65536 NEXT 1048576 MINEXTENTS 1 MAXEXTENTS 2147483645
  PCTINCREASE 0 FREELISTS 1 FREELIST GROUPS 1
  BUFFER_POOL DEFAULT FLASH_CACHE DEFAULT CELL_FLASH_CACHE DEFAULT)
  TABLESPACE "USERS" ;
--------------------------------------------------------
--  DDL for Table PAYMENT_TB
--------------------------------------------------------

  CREATE TABLE "ITN2024"."PAYMENT_TB" 
   (	"PAID" VARCHAR2(5 BYTE), 
	"EMAIL" VARCHAR2(30 BYTE), 
	"METHOD_TYPE" VARCHAR2(100 BYTE), 
	"TOTAL_PRICE" NUMBER(10,0), 
	"BOID" VARCHAR2(5 BYTE), 
	"INSERT_TIME" VARCHAR2(30 BYTE) DEFAULT TO_CHAR(SYSDATE,'YYYY/MM/DD HH24:MI:SS'), 
	"UPDATE_TIME" VARCHAR2(30 BYTE) DEFAULT NULL, 
	"BOOK_NUM" VARCHAR2(10 BYTE)
   ) SEGMENT CREATION IMMEDIATE 
  PCTFREE 10 PCTUSED 40 INITRANS 1 MAXTRANS 255 
 NOCOMPRESS LOGGING
  STORAGE(INITIAL 65536 NEXT 1048576 MINEXTENTS 1 MAXEXTENTS 2147483645
  PCTINCREASE 0 FREELISTS 1 FREELIST GROUPS 1
  BUFFER_POOL DEFAULT FLASH_CACHE DEFAULT CELL_FLASH_CACHE DEFAULT)
  TABLESPACE "USERS" ;
--------------------------------------------------------
--  DDL for Table PRICE_TB
--------------------------------------------------------

  CREATE TABLE "ITN2024"."PRICE_TB" 
   (	"PRID" VARCHAR2(5 BYTE), 
	"CLASSIFY" VARCHAR2(10 BYTE), 
	"PRICE" NUMBER(10,0), 
	"INSERT_TIME" VARCHAR2(30 BYTE) DEFAULT TO_CHAR(SYSDATE,'YYYY/MM/DD HH24:MI:SS'), 
	"UPDATE_TIME" VARCHAR2(30 BYTE) DEFAULT NULL
   ) SEGMENT CREATION IMMEDIATE 
  PCTFREE 10 PCTUSED 40 INITRANS 1 MAXTRANS 255 
 NOCOMPRESS LOGGING
  STORAGE(INITIAL 65536 NEXT 1048576 MINEXTENTS 1 MAXEXTENTS 2147483645
  PCTINCREASE 0 FREELISTS 1 FREELIST GROUPS 1
  BUFFER_POOL DEFAULT FLASH_CACHE DEFAULT CELL_FLASH_CACHE DEFAULT)
  TABLESPACE "USERS" ;
--------------------------------------------------------
--  DDL for Table PRODUCT_REVIEW_TB
--------------------------------------------------------

  CREATE TABLE "ITN2024"."PRODUCT_REVIEW_TB" 
   (	"PRID" VARCHAR2(5 BYTE), 
	"PDID" VARCHAR2(10 BYTE), 
	"REVIEW" VARCHAR2(1000 BYTE) DEFAULT NULL, 
	"WRITER" VARCHAR2(300 BYTE), 
	"INSERT_TIME" VARCHAR2(30 BYTE) DEFAULT TO_CHAR(SYSDATE,'YYYY/MM/DD HH24:MI:SS'), 
	"UPDATE_TIME" VARCHAR2(30 BYTE) DEFAULT NULL
   ) SEGMENT CREATION IMMEDIATE 
  PCTFREE 10 PCTUSED 40 INITRANS 1 MAXTRANS 255 
 NOCOMPRESS LOGGING
  STORAGE(INITIAL 65536 NEXT 1048576 MINEXTENTS 1 MAXEXTENTS 2147483645
  PCTINCREASE 0 FREELISTS 1 FREELIST GROUPS 1
  BUFFER_POOL DEFAULT FLASH_CACHE DEFAULT CELL_FLASH_CACHE DEFAULT)
  TABLESPACE "USERS" ;
--------------------------------------------------------
--  DDL for Table PRODUCT_TB
--------------------------------------------------------

  CREATE TABLE "ITN2024"."PRODUCT_TB" 
   (	"PDID" VARCHAR2(5 BYTE), 
	"TITLE" VARCHAR2(100 BYTE), 
	"CONTENTS" VARCHAR2(1000 BYTE) DEFAULT NULL, 
	"DIRECTOR" VARCHAR2(100 BYTE) DEFAULT NULL, 
	"GENRE" VARCHAR2(40 BYTE) DEFAULT NULL, 
	"RUNNING_TIME" NUMBER(3,0) DEFAULT NULL, 
	"RATE" VARCHAR2(100 BYTE) DEFAULT NULL, 
	"OPENING_DATE" VARCHAR2(30 BYTE) DEFAULT NULL, 
	"MOVIE_CAST" VARCHAR2(300 BYTE) DEFAULT NULL, 
	"IMAGE_MAIN_URL" VARCHAR2(300 BYTE) DEFAULT NULL, 
	"IMAGE_SMALL_URL" VARCHAR2(300 BYTE) DEFAULT NULL, 
	"IMAGE_BACKGROUND_URL" VARCHAR2(300 BYTE) DEFAULT NULL, 
	"IMAGE_THRIL1_URL" VARCHAR2(300 BYTE) DEFAULT NULL, 
	"IMAGE_THRIL2_URL" VARCHAR2(300 BYTE) DEFAULT NULL, 
	"IMAGE_THRIL3_URL" VARCHAR2(300 BYTE) DEFAULT NULL, 
	"TRAILER_MAIN_URL" VARCHAR2(300 BYTE) DEFAULT NULL, 
	"TRAILER1_URL" VARCHAR2(300 BYTE) DEFAULT NULL, 
	"TRAILER2_URL" VARCHAR2(300 BYTE) DEFAULT NULL, 
	"CUMULATIVE" NUMBER(10,0) DEFAULT 0, 
	"HAPPY_POINT" NUMBER(10,0) DEFAULT 0, 
	"INSERT_TIME" VARCHAR2(30 BYTE) DEFAULT TO_CHAR(SYSDATE,'YYYY/MM/DD HH24:MI:SS'), 
	"UPDATE_TIME" VARCHAR2(30 BYTE) DEFAULT NULL, 
	"RATE_URL" VARCHAR2(100 BYTE) DEFAULT NULL
   ) SEGMENT CREATION IMMEDIATE 
  PCTFREE 10 PCTUSED 40 INITRANS 1 MAXTRANS 255 
 NOCOMPRESS LOGGING
  STORAGE(INITIAL 65536 NEXT 1048576 MINEXTENTS 1 MAXEXTENTS 2147483645
  PCTINCREASE 0 FREELISTS 1 FREELIST GROUPS 1
  BUFFER_POOL DEFAULT FLASH_CACHE DEFAULT CELL_FLASH_CACHE DEFAULT)
  TABLESPACE "USERS" ;
--------------------------------------------------------
--  DDL for Table SCREENING_TB
--------------------------------------------------------

  CREATE TABLE "ITN2024"."SCREENING_TB" 
   (	"SCID" VARCHAR2(5 BYTE), 
	"TITLE" VARCHAR2(100 BYTE), 
	"CINEMA" VARCHAR2(10 BYTE), 
	"BRANCH" VARCHAR2(10 BYTE), 
	"THEATER" NUMBER(3,0), 
	"SEATS" NUMBER(2,0), 
	"REMAIN_SEATS" NUMBER(2,0), 
	"ADDRESS" VARCHAR2(500 BYTE), 
	"SHOWING_TIME" VARCHAR2(30 BYTE), 
	"INSERT_TIME" VARCHAR2(30 BYTE) DEFAULT TO_CHAR(SYSDATE,'YYYY/MM/DD HH24:MI:SS'), 
	"UPDATE_TIME" VARCHAR2(30 BYTE) DEFAULT NULL, 
	"CITY" VARCHAR2(10 BYTE), 
	"START_TIME" VARCHAR2(30 BYTE), 
	"END_TIME" VARCHAR2(30 BYTE), 
	"RESERVED_SEATS" VARCHAR2(1000 BYTE) DEFAULT NULL
   ) SEGMENT CREATION IMMEDIATE 
  PCTFREE 10 PCTUSED 40 INITRANS 1 MAXTRANS 255 
 NOCOMPRESS LOGGING
  STORAGE(INITIAL 65536 NEXT 1048576 MINEXTENTS 1 MAXEXTENTS 2147483645
  PCTINCREASE 0 FREELISTS 1 FREELIST GROUPS 1
  BUFFER_POOL DEFAULT FLASH_CACHE DEFAULT CELL_FLASH_CACHE DEFAULT)
  TABLESPACE "USERS" ;
REM INSERTING into ITN2024.BOOK_TB
SET DEFINE OFF;
REM INSERTING into ITN2024.CINEMA_TB
SET DEFINE OFF;
Insert into ITN2024.CINEMA_TB (CIID,CINEMA,BRANCH,THEATER,SEATS,CITY,ADDRESS,IMAGE_URL,INSERT_TIME,UPDATE_TIME) values ('CI001','IITIN','강남',1,32,'서울','서울특별시 강남구 강남대로 438 스타플렉스 4층~8층',null,'2024/10/02 03:18:32',null);
Insert into ITN2024.CINEMA_TB (CIID,CINEMA,BRANCH,THEATER,SEATS,CITY,ADDRESS,IMAGE_URL,INSERT_TIME,UPDATE_TIME) values ('CI002','IITIN','강남',2,22,'서울','서울특별시 강남구 강남대로 438 스타플렉스 4층~8층',null,'2024/10/02 03:18:32',null);
Insert into ITN2024.CINEMA_TB (CIID,CINEMA,BRANCH,THEATER,SEATS,CITY,ADDRESS,IMAGE_URL,INSERT_TIME,UPDATE_TIME) values ('CI003','IITIN','강남',3,38,'서울','서울특별시 강남구 강남대로 438 스타플렉스 4층~8층',null,'2024/10/02 03:18:32',null);
Insert into ITN2024.CINEMA_TB (CIID,CINEMA,BRANCH,THEATER,SEATS,CITY,ADDRESS,IMAGE_URL,INSERT_TIME,UPDATE_TIME) values ('CI004','IITIN','신촌',1,32,'서울','서울특별시 서대문구 신촌로 129',null,'2024/10/02 03:18:32',null);
Insert into ITN2024.CINEMA_TB (CIID,CINEMA,BRANCH,THEATER,SEATS,CITY,ADDRESS,IMAGE_URL,INSERT_TIME,UPDATE_TIME) values ('CI005','IITIN','신촌',2,22,'서울','서울특별시 서대문구 신촌로 129',null,'2024/10/02 03:18:32',null);
Insert into ITN2024.CINEMA_TB (CIID,CINEMA,BRANCH,THEATER,SEATS,CITY,ADDRESS,IMAGE_URL,INSERT_TIME,UPDATE_TIME) values ('CI006','IITIN','신촌',3,38,'서울','서울특별시 서대문구 신촌로 129',null,'2024/10/02 03:18:32',null);
Insert into ITN2024.CINEMA_TB (CIID,CINEMA,BRANCH,THEATER,SEATS,CITY,ADDRESS,IMAGE_URL,INSERT_TIME,UPDATE_TIME) values ('CI007','IITIN','판교',1,32,'서울','경기도 성남시 분당구 판교역로146번길 20 까르띠에 현대백화점 판교점 5층',null,'2024/10/02 03:18:32',null);
Insert into ITN2024.CINEMA_TB (CIID,CINEMA,BRANCH,THEATER,SEATS,CITY,ADDRESS,IMAGE_URL,INSERT_TIME,UPDATE_TIME) values ('CI008','IITIN','판교',2,22,'서울','경기도 성남시 분당구 판교역로146번길 20 까르띠에 현대백화점 판교점 5층',null,'2024/10/02 03:18:32',null);
Insert into ITN2024.CINEMA_TB (CIID,CINEMA,BRANCH,THEATER,SEATS,CITY,ADDRESS,IMAGE_URL,INSERT_TIME,UPDATE_TIME) values ('CI009','IITIN','판교',3,38,'서울','경기도 성남시 분당구 판교역로146번길 20 까르띠에 현대백화점 판교점 5층',null,'2024/10/02 03:18:32',null);
Insert into ITN2024.CINEMA_TB (CIID,CINEMA,BRANCH,THEATER,SEATS,CITY,ADDRESS,IMAGE_URL,INSERT_TIME,UPDATE_TIME) values ('CI010','IITIN','송도',1,32,'인천','인천광역시 연수구 A동 하모니로 158 지하 1층',null,'2024/10/02 03:18:32',null);
Insert into ITN2024.CINEMA_TB (CIID,CINEMA,BRANCH,THEATER,SEATS,CITY,ADDRESS,IMAGE_URL,INSERT_TIME,UPDATE_TIME) values ('CI011','IITIN','송도',2,22,'인천','인천광역시 연수구 A동 하모니로 158 지하 1층',null,'2024/10/02 03:18:32',null);
Insert into ITN2024.CINEMA_TB (CIID,CINEMA,BRANCH,THEATER,SEATS,CITY,ADDRESS,IMAGE_URL,INSERT_TIME,UPDATE_TIME) values ('CI012','IITIN','송도',3,38,'인천','인천광역시 연수구 A동 하모니로 158 지하 1층',null,'2024/10/02 03:18:32',null);
Insert into ITN2024.CINEMA_TB (CIID,CINEMA,BRANCH,THEATER,SEATS,CITY,ADDRESS,IMAGE_URL,INSERT_TIME,UPDATE_TIME) values ('CI013','IITIN','영종',1,32,'인천','인천광역시 중구 영종대로 184 예스타워 7층',null,'2024/10/02 03:18:32',null);
Insert into ITN2024.CINEMA_TB (CIID,CINEMA,BRANCH,THEATER,SEATS,CITY,ADDRESS,IMAGE_URL,INSERT_TIME,UPDATE_TIME) values ('CI014','IITIN','영종',2,22,'인천','인천광역시 중구 영종대로 184 예스타워 7층',null,'2024/10/02 03:18:32',null);
Insert into ITN2024.CINEMA_TB (CIID,CINEMA,BRANCH,THEATER,SEATS,CITY,ADDRESS,IMAGE_URL,INSERT_TIME,UPDATE_TIME) values ('CI015','IITIN','영종',3,38,'인천','인천광역시 중구 영종대로 184 예스타워 7층',null,'2024/10/02 03:18:32',null);
Insert into ITN2024.CINEMA_TB (CIID,CINEMA,BRANCH,THEATER,SEATS,CITY,ADDRESS,IMAGE_URL,INSERT_TIME,UPDATE_TIME) values ('CI016','IITIN','인천논현',1,32,'인천','인천광역시 남동구 논현로26번길 34',null,'2024/10/02 03:18:32',null);
Insert into ITN2024.CINEMA_TB (CIID,CINEMA,BRANCH,THEATER,SEATS,CITY,ADDRESS,IMAGE_URL,INSERT_TIME,UPDATE_TIME) values ('CI017','IITIN','인천논현',2,22,'인천','인천광역시 남동구 논현로26번길 34',null,'2024/10/02 03:18:32',null);
Insert into ITN2024.CINEMA_TB (CIID,CINEMA,BRANCH,THEATER,SEATS,CITY,ADDRESS,IMAGE_URL,INSERT_TIME,UPDATE_TIME) values ('CI018','IITIN','인천논현',3,38,'인천','인천광역시 남동구 논현로26번길 34',null,'2024/10/02 03:18:32',null);
Insert into ITN2024.CINEMA_TB (CIID,CINEMA,BRANCH,THEATER,SEATS,CITY,ADDRESS,IMAGE_URL,INSERT_TIME,UPDATE_TIME) values ('CI019','IITIN','부산시청',1,32,'부산','장전로12번길 55 라퓨타아일랜드 4층',null,'2024/10/02 03:18:32',null);
Insert into ITN2024.CINEMA_TB (CIID,CINEMA,BRANCH,THEATER,SEATS,CITY,ADDRESS,IMAGE_URL,INSERT_TIME,UPDATE_TIME) values ('CI020','IITIN','부산시청',2,22,'부산','장전로12번길 55 라퓨타아일랜드 4층',null,'2024/10/02 03:18:32',null);
Insert into ITN2024.CINEMA_TB (CIID,CINEMA,BRANCH,THEATER,SEATS,CITY,ADDRESS,IMAGE_URL,INSERT_TIME,UPDATE_TIME) values ('CI021','IITIN','부산시청',3,38,'부산','장전로12번길 55 라퓨타아일랜드 4층',null,'2024/10/02 03:18:32',null);
Insert into ITN2024.CINEMA_TB (CIID,CINEMA,BRANCH,THEATER,SEATS,CITY,ADDRESS,IMAGE_URL,INSERT_TIME,UPDATE_TIME) values ('CI022','IITIN','서면',1,32,'부산','부산광역시 부산진구 동천로 4 지오플레이스 6F',null,'2024/10/02 03:18:32',null);
Insert into ITN2024.CINEMA_TB (CIID,CINEMA,BRANCH,THEATER,SEATS,CITY,ADDRESS,IMAGE_URL,INSERT_TIME,UPDATE_TIME) values ('CI023','IITIN','서면',2,22,'부산','부산광역시 부산진구 동천로 4 지오플레이스 6F',null,'2024/10/02 03:18:32',null);
Insert into ITN2024.CINEMA_TB (CIID,CINEMA,BRANCH,THEATER,SEATS,CITY,ADDRESS,IMAGE_URL,INSERT_TIME,UPDATE_TIME) values ('CI024','IITIN','서면',3,38,'부산','부산광역시 부산진구 동천로 4 지오플레이스 6F',null,'2024/10/02 03:18:32',null);
Insert into ITN2024.CINEMA_TB (CIID,CINEMA,BRANCH,THEATER,SEATS,CITY,ADDRESS,IMAGE_URL,INSERT_TIME,UPDATE_TIME) values ('CI025','IITIN','동래',1,32,'부산','부산광역시 동래구 중앙대로 1523',null,'2024/10/02 03:18:32',null);
Insert into ITN2024.CINEMA_TB (CIID,CINEMA,BRANCH,THEATER,SEATS,CITY,ADDRESS,IMAGE_URL,INSERT_TIME,UPDATE_TIME) values ('CI026','IITIN','동래',2,22,'부산','부산광역시 동래구 중앙대로 1523',null,'2024/10/02 03:18:32',null);
Insert into ITN2024.CINEMA_TB (CIID,CINEMA,BRANCH,THEATER,SEATS,CITY,ADDRESS,IMAGE_URL,INSERT_TIME,UPDATE_TIME) values ('CI027','IITIN','동래',3,38,'부산','부산광역시 동래구 중앙대로 1523',null,'2024/10/02 03:18:32',null);
REM INSERTING into ITN2024.EXAM_TB
SET DEFINE OFF;
Insert into ITN2024.EXAM_TB (UUID,TITLE,CONTENTS,INSERT_TIME,UPDATE_TIME) values ('UU21','대도시의 사랑법',' 싹쓸이하는 과감한','2024/10/04 08:37:48',null);
REM INSERTING into ITN2024.FAQ_TB
SET DEFINE OFF;
Insert into ITN2024.FAQ_TB (FAID,TITLE,CONTENTS,WRITER,INSERT_TIME,UPDATE_TIME) values ('FA001','결제 취소가 안됩니다. 어떻게 해야 할까요?','					   		 					   		 					   		 상영 시간이 넘어 가실 경우 결제 취소 할 수 없습니다. 아니실 경우 문의 연락부탁드리겠습니다. ','joonbyungsuh@naver.com','2024/10/02 02:33:36','2024-10-04 07:35:44');
Insert into ITN2024.FAQ_TB (FAID,TITLE,CONTENTS,WRITER,INSERT_TIME,UPDATE_TIME) values ('FA002','비밀번호를 까먹었습니다. 도와주세요.','해당 번호로 문의 주시면 임시 비밀번호를 드리겠습니다. 전화번호:010-9836-6235','geunwoo@naver.com','2024/10/02 02:35:37',null);
Insert into ITN2024.FAQ_TB (FAID,TITLE,CONTENTS,WRITER,INSERT_TIME,UPDATE_TIME) values ('FA003','상영관 정보는 어떻게 알수 있을까요?','상단 메뉴탭에 극장메뉴를 클릭하시면 상영관에 대한 정보를 볼수 있습니다.','EngineerHan@daum.net','2024/10/02 02:38:16','2024/10/13 13:17:48');
Insert into ITN2024.FAQ_TB (FAID,TITLE,CONTENTS,WRITER,INSERT_TIME,UPDATE_TIME) values ('FA005','할인 쿠폰을 받고 싶습니다. 어떻게 해야할가요?','상단이벤트메뉴에 들어가셔서 1:1 이벤트를 참여하시면 30%할인 쿠폰을 받으실수 있어요.','Ohtaehun@google.com','2024/10/02 02:41:26',null);
REM INSERTING into ITN2024.INQUIRY_ANSWER_TB
SET DEFINE OFF;
Insert into ITN2024.INQUIRY_ANSWER_TB (ANID,CONTENTS,INID,WRITER,INSERT_TIME,UPDATE_TIME) values ('AN141','안녕하세요
','IN352','EngineerHan@daum.net','2024/10/14 01:35:17',null);
Insert into ITN2024.INQUIRY_ANSWER_TB (ANID,CONTENTS,INID,WRITER,INSERT_TIME,UPDATE_TIME) values ('AN142','ㅁㄴㅇㄹㄴㅇㄹ','IN352','EngineerHan@daum.net','2024/10/14 01:35:33',null);
Insert into ITN2024.INQUIRY_ANSWER_TB (ANID,CONTENTS,INID,WRITER,INSERT_TIME,UPDATE_TIME) values ('AN143','ㅁㄴㅇㄴㅁㅇㄴㅁ','IN351','EngineerHan@daum.net','2024/10/14 01:36:07',null);
Insert into ITN2024.INQUIRY_ANSWER_TB (ANID,CONTENTS,INID,WRITER,INSERT_TIME,UPDATE_TIME) values ('AN144','hello!
','IN370','EngineerHan@daum.net','2024/10/14 01:57:30',null);
Insert into ITN2024.INQUIRY_ANSWER_TB (ANID,CONTENTS,INID,WRITER,INSERT_TIME,UPDATE_TIME) values ('AN121','해킹하지마','IN335','EngineerHan@daum.net','2024/10/11 21:06:57',null);
Insert into ITN2024.INQUIRY_ANSWER_TB (ANID,CONTENTS,INID,WRITER,INSERT_TIME,UPDATE_TIME) values ('AN023','di','IN155','EngineerHan@daum.net','2024/10/10 00:15:54',null);
Insert into ITN2024.INQUIRY_ANSWER_TB (ANID,CONTENTS,INID,WRITER,INSERT_TIME,UPDATE_TIME) values ('AN021','dd','IN187','EngineerHan@daum.net','2024/10/10 00:14:13',null);
Insert into ITN2024.INQUIRY_ANSWER_TB (ANID,CONTENTS,INID,WRITER,INSERT_TIME,UPDATE_TIME) values ('AN022','sp','IN186','EngineerHan@daum.net','2024/10/10 00:15:01',null);
Insert into ITN2024.INQUIRY_ANSWER_TB (ANID,CONTENTS,INID,WRITER,INSERT_TIME,UPDATE_TIME) values ('AN024','네','IN156','EngineerHan@daum.net','2024/10/10 00:32:14',null);
Insert into ITN2024.INQUIRY_ANSWER_TB (ANID,CONTENTS,INID,WRITER,INSERT_TIME,UPDATE_TIME) values ('AN025','ㅁㄴㅇ','IN183','EngineerHan@daum.net','2024/10/10 00:36:08',null);
Insert into ITN2024.INQUIRY_ANSWER_TB (ANID,CONTENTS,INID,WRITER,INSERT_TIME,UPDATE_TIME) values ('AN026','그래','IN231','EngineerHan@daum.net','2024/10/10 00:39:09',null);
Insert into ITN2024.INQUIRY_ANSWER_TB (ANID,CONTENTS,INID,WRITER,INSERT_TIME,UPDATE_TIME) values ('AN041','dd','IN187','EngineerHan@daum.net','2024/10/10 01:02:59',null);
Insert into ITN2024.INQUIRY_ANSWER_TB (ANID,CONTENTS,INID,WRITER,INSERT_TIME,UPDATE_TIME) values ('AN042','네','IN235','EngineerHan@daum.net','2024/10/10 01:03:17',null);
Insert into ITN2024.INQUIRY_ANSWER_TB (ANID,CONTENTS,INID,WRITER,INSERT_TIME,UPDATE_TIME) values ('AN099','sad','IN314','EngineerHan@daum.net','2024/10/10 07:20:07',null);
Insert into ITN2024.INQUIRY_ANSWER_TB (ANID,CONTENTS,INID,WRITER,INSERT_TIME,UPDATE_TIME) values ('AN101','ddd','IN317','EngineerHan@daum.net','2024/10/10 07:49:19',null);
Insert into ITN2024.INQUIRY_ANSWER_TB (ANID,CONTENTS,INID,WRITER,INSERT_TIME,UPDATE_TIME) values ('AN100','ㅇㅇ','IN271','EngineerHan@daum.net','2024/10/10 07:21:46',null);
Insert into ITN2024.INQUIRY_ANSWER_TB (ANID,CONTENTS,INID,WRITER,INSERT_TIME,UPDATE_TIME) values ('AN027','ㅁㄴㅇㄴㅁㅇ','IN184','EngineerHan@daum.net','2024/10/10 00:42:46',null);
Insert into ITN2024.INQUIRY_ANSWER_TB (ANID,CONTENTS,INID,WRITER,INSERT_TIME,UPDATE_TIME) values ('AN061','.......','IN270','EngineerHan@daum.net','2024/10/10 02:58:37',null);
Insert into ITN2024.INQUIRY_ANSWER_TB (ANID,CONTENTS,INID,WRITER,INSERT_TIME,UPDATE_TIME) values ('AN145','ㅇㅇ','IN371','EngineerHan@daum.net','2024/10/14 03:08:33',null);
Insert into ITN2024.INQUIRY_ANSWER_TB (ANID,CONTENTS,INID,WRITER,INSERT_TIME,UPDATE_TIME) values ('AN146','hello','IN372','EngineerHan@daum.net','2024/10/14 05:03:57',null);
REM INSERTING into ITN2024.INQUIRY_TB
SET DEFINE OFF;
Insert into ITN2024.INQUIRY_TB (INID,CONTENTS,WRITER,INSERT_TIME) values ('IN351','ㅁㄴㅇ','joon@daum.net','2024/10/14 01:34:08');
Insert into ITN2024.INQUIRY_TB (INID,CONTENTS,WRITER,INSERT_TIME) values ('IN352','asdasda','superpig@naver.com','2024/10/14 01:34:34');
Insert into ITN2024.INQUIRY_TB (INID,CONTENTS,WRITER,INSERT_TIME) values ('IN370','hello world
','joon@daum.net','2024/10/14 01:57:01');
Insert into ITN2024.INQUIRY_TB (INID,CONTENTS,WRITER,INSERT_TIME) values ('IN231','안녕하세요!!','Ohtaehun@google.com','2024/10/10 00:38:42');
Insert into ITN2024.INQUIRY_TB (INID,CONTENTS,WRITER,INSERT_TIME) values ('IN235','안녕하세요!!','Ohtaehun@google.com','2024/10/10 01:02:03');
Insert into ITN2024.INQUIRY_TB (INID,CONTENTS,WRITER,INSERT_TIME) values ('IN187','안녕하세요!!','Ohtaehun@google.com','2024/10/07 07:43:37');
Insert into ITN2024.INQUIRY_TB (INID,CONTENTS,WRITER,INSERT_TIME) values ('IN334','안녕하세요!!','Ohtaehun@google.com','2024/10/11 08:30:31');
Insert into ITN2024.INQUIRY_TB (INID,CONTENTS,WRITER,INSERT_TIME) values ('IN335','죄송합니다.','Ohtaehun@google.com','2024/10/11 08:30:33');
Insert into ITN2024.INQUIRY_TB (INID,CONTENTS,WRITER,INSERT_TIME) values ('IN156','안녕하세요!!','Ohtaehun@google.com','2024/10/07 04:32:14');
Insert into ITN2024.INQUIRY_TB (INID,CONTENTS,WRITER,INSERT_TIME) values ('IN185','안녕하세요!!','Ohtaehun@google.com','2024/10/07 06:44:15');
Insert into ITN2024.INQUIRY_TB (INID,CONTENTS,WRITER,INSERT_TIME) values ('IN155','안녕하세요!!','Ohtaehun@google.com','2024/10/07 04:31:31');
Insert into ITN2024.INQUIRY_TB (INID,CONTENTS,WRITER,INSERT_TIME) values ('IN183','안녕하세요!!','Ohtaehun@google.com','2024/10/07 06:30:39');
Insert into ITN2024.INQUIRY_TB (INID,CONTENTS,WRITER,INSERT_TIME) values ('IN184','안녕하세요!!','Ohtaehun@google.com','2024/10/07 06:31:00');
Insert into ITN2024.INQUIRY_TB (INID,CONTENTS,WRITER,INSERT_TIME) values ('IN186','안녕하세요!!','Ohtaehun@google.com','2024/10/07 06:44:28');
Insert into ITN2024.INQUIRY_TB (INID,CONTENTS,WRITER,INSERT_TIME) values ('IN315','안녕하세요!!','Ohtaehun@google.com','2024/10/10 07:20:49');
Insert into ITN2024.INQUIRY_TB (INID,CONTENTS,WRITER,INSERT_TIME) values ('IN273','안녕하세요!!','Ohtaehun@google.com','2024/10/10 04:59:26');
Insert into ITN2024.INQUIRY_TB (INID,CONTENTS,WRITER,INSERT_TIME) values ('IN274','안녕하세요!!','Ohtaehun@google.com','2024/10/10 04:59:33');
Insert into ITN2024.INQUIRY_TB (INID,CONTENTS,WRITER,INSERT_TIME) values ('IN317','안녕하세요!!','Ohtaehun@google.com','2024/10/10 07:47:35');
Insert into ITN2024.INQUIRY_TB (INID,CONTENTS,WRITER,INSERT_TIME) values ('IN333','안녕하세요!!','Ohtaehun@google.com','2024/10/11 06:32:11');
Insert into ITN2024.INQUIRY_TB (INID,CONTENTS,WRITER,INSERT_TIME) values ('IN290','안녕하세요!!','Ohtaehun@google.com','2024/10/10 05:34:07');
Insert into ITN2024.INQUIRY_TB (INID,CONTENTS,WRITER,INSERT_TIME) values ('IN270','안녕하세요!!','Ohtaehun@google.com','2024/10/10 02:24:02');
Insert into ITN2024.INQUIRY_TB (INID,CONTENTS,WRITER,INSERT_TIME) values ('IN271','안녕하세요!!','Ohtaehun@google.com','2024/10/10 02:24:09');
Insert into ITN2024.INQUIRY_TB (INID,CONTENTS,WRITER,INSERT_TIME) values ('IN272','안녕하세요!!','Ohtaehun@google.com','2024/10/10 04:18:58');
Insert into ITN2024.INQUIRY_TB (INID,CONTENTS,WRITER,INSERT_TIME) values ('IN310','안녕하세요!!','Ohtaehun@google.com','2024/10/10 06:05:05');
Insert into ITN2024.INQUIRY_TB (INID,CONTENTS,WRITER,INSERT_TIME) values ('IN311','안녕하세요!!','Ohtaehun@google.com','2024/10/10 06:30:20');
Insert into ITN2024.INQUIRY_TB (INID,CONTENTS,WRITER,INSERT_TIME) values ('IN312','안녕하세요!!','Ohtaehun@google.com','2024/10/10 06:32:56');
Insert into ITN2024.INQUIRY_TB (INID,CONTENTS,WRITER,INSERT_TIME) values ('IN313','안녕하세요!!','Ohtaehun@google.com','2024/10/10 06:33:00');
Insert into ITN2024.INQUIRY_TB (INID,CONTENTS,WRITER,INSERT_TIME) values ('IN314','안녕하세요!!','Ohtaehun@google.com','2024/10/10 06:36:41');
Insert into ITN2024.INQUIRY_TB (INID,CONTENTS,WRITER,INSERT_TIME) values ('IN373','시연용 게시글3','superpig@naver.com','2024/10/14 02:49:10');
Insert into ITN2024.INQUIRY_TB (INID,CONTENTS,WRITER,INSERT_TIME) values ('IN371','시연용 게시글','superpig@naver.com','2024/10/14 02:48:59');
Insert into ITN2024.INQUIRY_TB (INID,CONTENTS,WRITER,INSERT_TIME) values ('IN372','시연용 게시글2','superpig@naver.com','2024/10/14 02:49:05');
Insert into ITN2024.INQUIRY_TB (INID,CONTENTS,WRITER,INSERT_TIME) values ('IN374','시연용 게시글4','superpig@naver.com','2024/10/14 02:49:15');
Insert into ITN2024.INQUIRY_TB (INID,CONTENTS,WRITER,INSERT_TIME) values ('IN375','시연용 게시글5','superpig@naver.com','2024/10/14 02:49:19');
REM INSERTING into ITN2024.MEMBER_TB
SET DEFINE OFF;
Insert into ITN2024.MEMBER_TB (EMAIL,PASSWORD,PHONE,GRADE,INSERT_TIME,UPDATE_TIME) values ('joonbyungsuh@naver.com','$2a$10$ME3ZOVJ55uUpXdDvyUpTr.zJEYatLFqGkKYF6WhY.dRBawGJJnyya','0101111111113','CUSTOMER','2024/10/02 01:46:43','2024/10/08 02:29:31');
Insert into ITN2024.MEMBER_TB (EMAIL,PASSWORD,PHONE,GRADE,INSERT_TIME,UPDATE_TIME) values ('geunwoo@naver.com','$2a$10$X6Ok7x864HOjOyhLJrjpjOpecJa2QeyJzK69jQi.zx3cTTrdcEcku','010746159111','CUSTOMER','2024/10/02 01:54:21','2024/10/14 00:26:59');
Insert into ITN2024.MEMBER_TB (EMAIL,PASSWORD,PHONE,GRADE,INSERT_TIME,UPDATE_TIME) values ('EngineerHan@daum.net','$2a$10$0S4UioONAsml4Qqu7ZyKGO8Z00e1l8YL3qk24S6cVWYR7FoP2xOKC','01011111111','ADMINISTRATOR','2024/10/02 01:56:39',null);
Insert into ITN2024.MEMBER_TB (EMAIL,PASSWORD,PHONE,GRADE,INSERT_TIME,UPDATE_TIME) values ('Leejunmin@google.com','$2a$10$D6Arl2sU5BmleSYZdybIu.bcobfgtftcEr2khB26/Z6cMgToNOlli','01011111111','CUSTOMER','2024/10/02 01:57:49',null);
Insert into ITN2024.MEMBER_TB (EMAIL,PASSWORD,PHONE,GRADE,INSERT_TIME,UPDATE_TIME) values ('Ohtaehun@google.com','$2a$10$LMMhu1inhw7Ii8SG1UICPeYM69rG56uhZD99DyFZ0awDfUr0gxTlC','01011111111','CUSTOMER','2024/10/02 01:58:21',null);
Insert into ITN2024.MEMBER_TB (EMAIL,PASSWORD,PHONE,GRADE,INSERT_TIME,UPDATE_TIME) values ('superpig@naver.com','$2a$10$2PUTV/vAiK.oPSCWo5Hp6.b2GSP4NPOZGG.pdQWBEXQ0xDkIjwarG','1234567890','CUSTOMER','2024/10/07 03:15:16',null);
Insert into ITN2024.MEMBER_TB (EMAIL,PASSWORD,PHONE,GRADE,INSERT_TIME,UPDATE_TIME) values ('joon@daum.net','$2a$10$lHm2s7HwJDH6phtx8TH3UeCYC346oPrAq1eMEWv6AlqBZvNmmWTTG','01000000000','CUSTOMER','2024/10/14 01:25:14','2024/10/14 01:33:21');
REM INSERTING into ITN2024.NOTICE_TB
SET DEFINE OFF;
Insert into ITN2024.NOTICE_TB (NOID,TITLE,CONTENTS,FILE_URL,WRITER,INSERT_TIME,UPDATE_TIME) values ('NO061','[강남] 상영관 리뉴얼 공사 안내','메가박스 강남지점을 이용해 주시는 고객님들께 보다 나은 관람 환경을 제공하기 위하여
로비 일부 공간 및 11층(5관, 6관, 7관)의 리뉴얼 공사를 진행합니다.',null,'EngineerHan@daum.net','2024/10/13 11:17:35','24/10/13');
Insert into ITN2024.NOTICE_TB (NOID,TITLE,CONTENTS,FILE_URL,WRITER,INSERT_TIME,UPDATE_TIME) values ('NO082','[메가박스] [네이버페이] 10월 은행/증권사 시스템 점검 일정 안내(10/5~21)','네이버페이 10월 은행/증권사 시스템 일정 공지 드립니다.
서비스 이용에 불편이 없도록 아래 내용을 참고 해주시기 바랍니다.',null,'EngineerHan@daum.net','2024/10/14 02:51:28',null);
REM INSERTING into ITN2024.PAYMENT_TB
SET DEFINE OFF;
REM INSERTING into ITN2024.PRICE_TB
SET DEFINE OFF;
Insert into ITN2024.PRICE_TB (PRID,CLASSIFY,PRICE,INSERT_TIME,UPDATE_TIME) values ('PR001','CHILDREN',6000,'2024/10/02 04:47:58',null);
Insert into ITN2024.PRICE_TB (PRID,CLASSIFY,PRICE,INSERT_TIME,UPDATE_TIME) values ('PR002','TEENAGER',8000,'2024/10/02 04:48:16',null);
Insert into ITN2024.PRICE_TB (PRID,CLASSIFY,PRICE,INSERT_TIME,UPDATE_TIME) values ('PR003','AGED',10000,'2024/10/02 04:49:31',null);
Insert into ITN2024.PRICE_TB (PRID,CLASSIFY,PRICE,INSERT_TIME,UPDATE_TIME) values ('PR004','ADULT',12000,'2024/10/02 04:49:56',null);
REM INSERTING into ITN2024.PRODUCT_REVIEW_TB
SET DEFINE OFF;
Insert into ITN2024.PRODUCT_REVIEW_TB (PRID,PDID,REVIEW,WRITER,INSERT_TIME,UPDATE_TIME) values ('PR001','PD001','안녕하세요! 첫 댓글입니다. 확인해주세요!!','geunwoo@naver.com','2024/10/11 01:49:53',null);
Insert into ITN2024.PRODUCT_REVIEW_TB (PRID,PDID,REVIEW,WRITER,INSERT_TIME,UPDATE_TIME) values ('PR002','PD001','이보시오 의사양반','geunwoo@naver.com','2024/10/11 01:50:24',null);
Insert into ITN2024.PRODUCT_REVIEW_TB (PRID,PDID,REVIEW,WRITER,INSERT_TIME,UPDATE_TIME) values ('PR004','PD015','와우 개꿀잼이네','EngineerHan@daum.net','2024/10/14 03:00:24',null);
REM INSERTING into ITN2024.PRODUCT_TB
SET DEFINE OFF;
Insert into ITN2024.PRODUCT_TB (PDID,TITLE,CONTENTS,DIRECTOR,GENRE,RUNNING_TIME,RATE,OPENING_DATE,MOVIE_CAST,IMAGE_MAIN_URL,IMAGE_SMALL_URL,IMAGE_BACKGROUND_URL,IMAGE_THRIL1_URL,IMAGE_THRIL2_URL,IMAGE_THRIL3_URL,TRAILER_MAIN_URL,TRAILER1_URL,TRAILER2_URL,CUMULATIVE,HAPPY_POINT,INSERT_TIME,UPDATE_TIME,RATE_URL) values ('PD019','소년시절의 너','“넌 세상을 지켜, 난 너를 지킬게”
시험만 잘 치면 멋진 인생을 살 수 있다고 가르치는 세상에서
기댈 곳 없이 세상에 내몰린 우등생 소녀 첸니엔과 양아치 소년 베이.
비슷한 상처와 외로움에 끌려 서로에게 의지하게 된 두 사람은
수능을 하루 앞둔 어느 날, 첸니엔의 삶을 뒤바꿔버릴 거대한 사건에 휘말리게 된다.
첸니엔만은 평범하고 행복하게 살길 바라는 베이는
그녀의 그림자가 되어 모든 것을 해결하기로 마음 먹는데…','권도권','드라마, 범죄',135,'15세이상관람가','2024.08.28','이키이코,아카무라','resources/images/movies/big_background/big_background14.jpg','resources/images/movies/Better_Days.jpg','resources/images/movies/background/background14.jpg','resources/images/movies/still/Better_Days1.jpg','resources/images/movies/still/Better_Days2.jpg','resources/images/movies/still/Better_Days3.jpg','https://tv.naver.com/embed/58070465','https://tv.naver.com/embed/58408023','https://tv.naver.com/embed/14450741',0,0,'24/10/04',null,'resources/images/movies/age/15.jpg');
Insert into ITN2024.PRODUCT_TB (PDID,TITLE,CONTENTS,DIRECTOR,GENRE,RUNNING_TIME,RATE,OPENING_DATE,MOVIE_CAST,IMAGE_MAIN_URL,IMAGE_SMALL_URL,IMAGE_BACKGROUND_URL,IMAGE_THRIL1_URL,IMAGE_THRIL2_URL,IMAGE_THRIL3_URL,TRAILER_MAIN_URL,TRAILER1_URL,TRAILER2_URL,CUMULATIVE,HAPPY_POINT,INSERT_TIME,UPDATE_TIME,RATE_URL) values ('PD020','타인의 삶','베를린 장벽이 무너지기 5년 전, 국가의 신념이 곧 자신의 신념인 동독의 비밀경찰 ‘비즐러’는
최고의 극작가 ‘드라이만’과 그의 애인인 배우 ‘크리스타’를 감시하는 임무를 맡는다.
24시간 내내 철저하게 타인의 삶을 도청하며 감시하는 ‘비즐러’는 시간이 지날수록
점점 그들의 예술을 대하는 태도, 자유, 슬픔 그리고 사랑에 감동을 받고 자신의 삶이 변하게 되는데…','플로리안 헨켈 폰 도너스마르크','드라마',137,'15세이상관람가','2024.10.02','울리히 뮤흐, 마르티나 게덱, 세바스티안 코치, 울리히 터커','resources/images/movies/big_background/big_background20.jpg','resources/images/movies/TheLivesOfOthers.jpg','resources/images/movies/background/background20.jpg','resources/images/movies/still/TheLivesOfOthers1.jpg','resources/images/movies/still/TheLivesOfOthers2.jpg','resources/images/movies/still/TheLivesOfOthers3.jpg','https://tv.naver.com/embed/61337368','https://tv.naver.com/embed/61337732','https://tv.naver.com/embed/61734037',0,0,'24/10/04',null,'resources/images/movies/age/15.jpg');
Insert into ITN2024.PRODUCT_TB (PDID,TITLE,CONTENTS,DIRECTOR,GENRE,RUNNING_TIME,RATE,OPENING_DATE,MOVIE_CAST,IMAGE_MAIN_URL,IMAGE_SMALL_URL,IMAGE_BACKGROUND_URL,IMAGE_THRIL1_URL,IMAGE_THRIL2_URL,IMAGE_THRIL3_URL,TRAILER_MAIN_URL,TRAILER1_URL,TRAILER2_URL,CUMULATIVE,HAPPY_POINT,INSERT_TIME,UPDATE_TIME,RATE_URL) values ('PD001','대도시의 사랑법','시선을 싹쓸이하는 과감한 스타일과
남 눈치 보지 않는 거침없는 애티튜드로
모두의 관심을 한 몸에 받는 자유로운 영혼 재희.

그런 재희가 눈길은 가지만 특별히 흥미는 없던 흥수에게 위기가 찾아온다.
누구에게도 절대 들키고 싶지 않은 비밀을
하필 재희에게 들켜버린 것!

하지만 그 과정에서 재희와 흥수는 알게 된다.
서로가 이상형일 수는 없지만...','이언희','드라마',118,'15이상관람가','2024.10.01','김고은, 노상현','resources/images/movies/big_background/big_background5.jpg','resources/images/movies/Love_in_the_Big_City.jpg','resources/images/movies/background/background5.jpg','resources/images/movies/still/Love_in_the_Big_City1.jpg','resources/images/movies/still/Love_in_the_Big_City2.jpg','resources/images/movies/still/Love_in_the_Big_City3.jpg','https://tv.naver.com/embed/59271851','https://tv.naver.com/embed/60864599','https://tv.naver.com/embed/60073458',0,0,'24/10/03',null,'resources/images/movies/age/15.jpg');
Insert into ITN2024.PRODUCT_TB (PDID,TITLE,CONTENTS,DIRECTOR,GENRE,RUNNING_TIME,RATE,OPENING_DATE,MOVIE_CAST,IMAGE_MAIN_URL,IMAGE_SMALL_URL,IMAGE_BACKGROUND_URL,IMAGE_THRIL1_URL,IMAGE_THRIL2_URL,IMAGE_THRIL3_URL,TRAILER_MAIN_URL,TRAILER1_URL,TRAILER2_URL,CUMULATIVE,HAPPY_POINT,INSERT_TIME,UPDATE_TIME,RATE_URL) values ('PD002','베테랑2','가족들도 못 챙기고 밤낮없이 범죄들과 싸우는 베테랑 형사 서도철(황정민)과 강력범죄수사대 형사들.
            어느 날, 한 교수의 죽음이 이전에 발생했던 살인 
            사건들과 연관성이 있는 것으로 밝혀지며 전국은 연쇄살인범으로 인해 떠들썩해진다...','류승완','범죄,액션',118,'15이상관람가','2024.09.13','황정민
정해인
장윤주
진경 
정만식 
신승환 
오달수 
오대환 
김시후 
안보현','resources/images/movies/big_background/big_background.jpg','resources/images/movies/THE_EXECUTIONER.jpg','resources/images/movies/background/background.jpg','resources/images/movies/still/THE_EXECUTIONER1.jpg','resources/images/movies/still/THE_EXECUTIONER2.jpg','resources/images/movies/still/THE_EXECUTIONER3.jpg','https://tv.naver.com/embed/59650730','https://tv.naver.com/embed/58413621','https://tv.naver.com/embed/60412966',0,0,'24/09/30',null,'resources/images/movies/age/15.jpg');
Insert into ITN2024.PRODUCT_TB (PDID,TITLE,CONTENTS,DIRECTOR,GENRE,RUNNING_TIME,RATE,OPENING_DATE,MOVIE_CAST,IMAGE_MAIN_URL,IMAGE_SMALL_URL,IMAGE_BACKGROUND_URL,IMAGE_THRIL1_URL,IMAGE_THRIL2_URL,IMAGE_THRIL3_URL,TRAILER_MAIN_URL,TRAILER1_URL,TRAILER2_URL,CUMULATIVE,HAPPY_POINT,INSERT_TIME,UPDATE_TIME,RATE_URL) values ('PD003','에이리언: 로물루스','영화 역사상 가장 위대한 시리즈 <에이리언>
리들리 스콧 제작 · <맨 인 더 다크> 페데 알바레즈 감독의 숨 막히는 서바이벌 스릴러로 돌아오다!

2142년, 부모 세대가 맞닥뜨렸던 암울한 미래를 피하려는 청년들이 더 나은 삶을 찾기 위해 식민지를
떠날 계획을 세운다...','페데 알바레즈','SF, 공포(호러)',119,'15이상관람가','2024.08.14','케일리 스패니, 데이비드 존슨, 아치 르노, 이사벨라 머세드, 스파이크 펀, 에일린 우','resources/images/movies/big_background/big_background3.jpg','resources/images/movies/Alien_Romulus.jpg','resources/image/movies/background/background3.jpg','resources/images/movies/still/Alien_Romulus01.jpg','resources/images/movies/still/Alien_Romulus02.jpg','resources/images/movies/still/Alien_Romulus03.jpg','https://tv.naver.com/embed/52434848','https://tv.naver.com/embed/57707499','https://tv.naver.com/embed/48684749',0,0,'24/09/30',null,'resources/images/movies/age/15.jpg');
Insert into ITN2024.PRODUCT_TB (PDID,TITLE,CONTENTS,DIRECTOR,GENRE,RUNNING_TIME,RATE,OPENING_DATE,MOVIE_CAST,IMAGE_MAIN_URL,IMAGE_SMALL_URL,IMAGE_BACKGROUND_URL,IMAGE_THRIL1_URL,IMAGE_THRIL2_URL,IMAGE_THRIL3_URL,TRAILER_MAIN_URL,TRAILER1_URL,TRAILER2_URL,CUMULATIVE,HAPPY_POINT,INSERT_TIME,UPDATE_TIME,RATE_URL) values ('PD004','조커: 폴리 아 되','"더 이상 혼자가 아니야”
세상이란 무대에서 폭주하기 시작한 조커 와 할리 퀸 을 확인하라!

2년 전, 세상을 뒤흔들며 고담시 아이콘으로 자리한 아서 플렉 은
아캄 수용소에 갇혀 최종 재판을 앞둔 무기력한 삶을 살아간다.

그러던 어느 날...','토드 필립스','드라마, 뮤지컬, 범죄',137,'15이상관람가','2024.10.01','호아킨 피닉스, 레이디 가가','resources/images/movies/big_background/big_background2.jpg','resources/images/movies/Joker2.jpg','resources/images/movies/background/background2.jpg','resources/images/movies/still/Joker201.jpg','resources/images/movies/still/Joker202.jpg','resources/images/movies/still/Joker203.jpg','https://tv.naver.com/embed/49627459','https://tv.naver.com/embed/60875983','https://tv.naver.com/embed/28419257',0,0,'24/10/04',null,'resources/images/movies/age/15.jpg');
Insert into ITN2024.PRODUCT_TB (PDID,TITLE,CONTENTS,DIRECTOR,GENRE,RUNNING_TIME,RATE,OPENING_DATE,MOVIE_CAST,IMAGE_MAIN_URL,IMAGE_SMALL_URL,IMAGE_BACKGROUND_URL,IMAGE_THRIL1_URL,IMAGE_THRIL2_URL,IMAGE_THRIL3_URL,TRAILER_MAIN_URL,TRAILER1_URL,TRAILER2_URL,CUMULATIVE,HAPPY_POINT,INSERT_TIME,UPDATE_TIME,RATE_URL) values ('PD005','와일드 로봇','전 세계를 매료시킨 아동 문학 거장 피터 브라운 소설 첫 영화화!
<드래곤 길들이기> 제작진이 선사하는 따뜻한 감성 어드벤처

“이 비행은 너에게 주는 선물이야”
우연한 사고로 거대한 야생에 불시착한 로봇 로즈 는
주변 동물들의 행동을 배우며 낯선 환경 속에 적응해 가던 중,
사고로 세상에 홀로 남겨진 아기 기러기  브라이트빌 의 보호자가 된다...','크리스 샌더스','애니메이션',101,'전체관람가','2024-10-01','루피타 뇽오, 페드로 파스칼, 캐서린 오하라, 빌 나이, 스테파니 수','resources/images/movies/big_background/big_background4.jpg','resources/images/movies/The_Wild_Robot.jpg','resources/images/movies/background/background4.jpg','resources/images/movies/still/The_Wild_Robot01.jpg','resources/images/movies/still/The_Wild_Robot02.jpg','resources/images/movies/still/The_Wild_Robot03.jpg','https://tv.naver.com/embed/54515532','https://tv.naver.com/embed/60725394','https://tv.naver.com/embed/48515916',0,0,'24/10/04',null,'resources/images/movies/age/all.jpg');
Insert into ITN2024.PRODUCT_TB (PDID,TITLE,CONTENTS,DIRECTOR,GENRE,RUNNING_TIME,RATE,OPENING_DATE,MOVIE_CAST,IMAGE_MAIN_URL,IMAGE_SMALL_URL,IMAGE_BACKGROUND_URL,IMAGE_THRIL1_URL,IMAGE_THRIL2_URL,IMAGE_THRIL3_URL,TRAILER_MAIN_URL,TRAILER1_URL,TRAILER2_URL,CUMULATIVE,HAPPY_POINT,INSERT_TIME,UPDATE_TIME,RATE_URL) values ('PD006','룩백','“만화를 그려서 다행이라고 생각해”
그림에 대한 자신감으로 가득한 후지노
“세상에 나와서 다행이라고 생각해”
세상과의 단절 속에 그림만이 전부였던 쿄모토

만화를 향한 한결 같은 마음으로
잊지 못할 사계절을 함께한 두 소녀의 아름다운 우정 이야기가 시작된다!','오시야마 키요타카','애니메이션',58,'전체관람가','2024.09.05','카와이 유미, 요시다 미즈키','resources/images/movies/big_background/big_background6.jpg','resources/images/movies/look_back.jpg','resources/images/movies/background/background6.jpg','resources/images/movies/still/look_back1.jpg','resources/images/movies/still/look_back2.jpg','resources/images/movies/still/look_back3.jpg','https://tv.naver.com/embed/58823081','https://tv.naver.com/embed/60904034','https://tv.naver.com/embed/59749275',0,0,'24/10/04',null,'resources/images/movies/age/all.jpg');
Insert into ITN2024.PRODUCT_TB (PDID,TITLE,CONTENTS,DIRECTOR,GENRE,RUNNING_TIME,RATE,OPENING_DATE,MOVIE_CAST,IMAGE_MAIN_URL,IMAGE_SMALL_URL,IMAGE_BACKGROUND_URL,IMAGE_THRIL1_URL,IMAGE_THRIL2_URL,IMAGE_THRIL3_URL,TRAILER_MAIN_URL,TRAILER1_URL,TRAILER2_URL,CUMULATIVE,HAPPY_POINT,INSERT_TIME,UPDATE_TIME,RATE_URL) values ('PD007','비긴 어게인','“다시 시작해, 너를 빛나게 할 노래를!”

싱어송라이터인 ‘그레타’(키이라 나이틀리)는
남자친구 ‘데이브’(애덤 리바인)가 메이저 음반회사와
계약을 하게 되면서 뉴욕으로 오게 된다.

그러나 행복도 잠시, 오랜 연인이자 음악적 파트너로서
함께 노래를 만들고 부르는 것이 좋았던 그레타와 달리
스타가 된 데이브의 마음은 어느새 변해버린다...','존 카니','드라마, 멜로/로맨스, 코미디',104,'15세이상관람가','2024.09.18','키이라 나이틀리, 마크 러팔로, 애덤 르빈','resources/images/movies/big_background/big_background7.jpg','resources/images/movies/Begin_Again.jpg','resources/images/movies/background/background7.jpg','resources/images/movies/still/Begin_Again1.jpg','resources/images/movies/still/Begin_Again2.jpg','resources/images/movies/still/Begin_Again3.jpg','https://tv.naver.com/embed/60870132','https://tv.naver.com/embed/60078212','https://tv.naver.com/embed/59578407',0,0,'24/10/04',null,'resources/images/movies/age/15.jpg');
Insert into ITN2024.PRODUCT_TB (PDID,TITLE,CONTENTS,DIRECTOR,GENRE,RUNNING_TIME,RATE,OPENING_DATE,MOVIE_CAST,IMAGE_MAIN_URL,IMAGE_SMALL_URL,IMAGE_BACKGROUND_URL,IMAGE_THRIL1_URL,IMAGE_THRIL2_URL,IMAGE_THRIL3_URL,TRAILER_MAIN_URL,TRAILER1_URL,TRAILER2_URL,CUMULATIVE,HAPPY_POINT,INSERT_TIME,UPDATE_TIME,RATE_URL) values ('PD008','보통의 가족','물질적 욕망을 우선시하며 살인자의 변호도 마다하지 않는 변호사 재완 (설경구)과
원리원칙을 중요시 여기는 자상한 소아과의사 재규(장동건)
성공한 프리랜서 번역가로 자녀 교육, 시부모의 간병까지 모든 것을 해내는 연경(김희애)과
어린 아기를 키우지만...','허진호','드라마',109,'15세이상관람가','2024.10.16','설경구, 장동건, 김희애, 수현','resources/images/movies/big_background/big_background8.jpg','resources/images/movies/ANormalFamily.jpg','resources/images/movies/background/background8.jpg','resources/images/movies/still/ANormalFamily1.jpg','resources/images/movies/still/ANormalFamily2.jpg','resources/images/movies/still/ANormalFamily3.jpg','https://tv.naver.com/embed/61319530','https://tv.naver.com/embed/60027541','https://tv.naver.com/embed/61320228',0,0,'24/10/04',null,'resources/images/movies/age/15.jpg');
Insert into ITN2024.PRODUCT_TB (PDID,TITLE,CONTENTS,DIRECTOR,GENRE,RUNNING_TIME,RATE,OPENING_DATE,MOVIE_CAST,IMAGE_MAIN_URL,IMAGE_SMALL_URL,IMAGE_BACKGROUND_URL,IMAGE_THRIL1_URL,IMAGE_THRIL2_URL,IMAGE_THRIL3_URL,TRAILER_MAIN_URL,TRAILER1_URL,TRAILER2_URL,CUMULATIVE,HAPPY_POINT,INSERT_TIME,UPDATE_TIME,RATE_URL) values ('PD010','안녕, 할부지','선물로 찾아온 만남, 예정된 이별

푸바오의 중국 귀환 일정이 결정되고,
사랑하는 이들의 아쉬움이 커져만 간다

마침내 다가온 이별의 순간,
푸바오의 행복을 위해 애써 담담해 보였던
강바오와 송바오 역시 흔들리기 시작하는데...','심형준, 토마스 고 ','다큐멘터리, 애니메이션',94,'전체관람가','2024.09.04','푸바오, 아이바오, 러바오, 루이바오, 후이바오, 강철원, 송영관, 오승희, 이세현','resources/images/movies/big_background/big_background10.jpg','resources/images/movies/My_Dearest_Fu_Bao.jpg','resources/images/movies/background/background10.jpg','resources/images/movies/still/My_Dearest_Fu_Bao1.jpg','resources/images/movies/still/My_Dearest_Fu_Bao2.jpg','resources/images/movies/still/My_Dearest_Fu_Bao3.jpg','https://tv.naver.com/embed/59155580','https://tv.naver.com/embed/59750125','https://tv.naver.com/embed/60816637',0,0,'24/10/04',null,'resources/images/movies/age/all.jpg');
Insert into ITN2024.PRODUCT_TB (PDID,TITLE,CONTENTS,DIRECTOR,GENRE,RUNNING_TIME,RATE,OPENING_DATE,MOVIE_CAST,IMAGE_MAIN_URL,IMAGE_SMALL_URL,IMAGE_BACKGROUND_URL,IMAGE_THRIL1_URL,IMAGE_THRIL2_URL,IMAGE_THRIL3_URL,TRAILER_MAIN_URL,TRAILER1_URL,TRAILER2_URL,CUMULATIVE,HAPPY_POINT,INSERT_TIME,UPDATE_TIME,RATE_URL) values ('PD011','사랑의 하츄핑','처음 본 순간, 한눈에 반해버렸어!
설레는 운명이 시작된 우리의 첫 만남!
인생의 소울메이트를 꼭 만나길 바라는 로미
우연한 기회에 하츄핑 을 처음 본 뒤, 운명의 인연임을 알아본다.
로미 는 하츄핑 을 찾기 위해 반대를 무릅쓰고 새로운 길을 떠나지만,
마침내 만나게 된 하츄핑 은 인간과의 소통을 거부하는데…','김수훈','애니메이션',86,'전체관람가','2024.08.07','이지현, 조경이, 최낙윤, 여민정, 홍소영, 홍범기, 김하영, 류승곤, 조현정, 김은아, 장예나, 엄상현','resources/images/movies/big_background/big_background11.jpg','resources/images/movies/Teenieping_of_Love.jpg','resources/images/movies/background/background11.jpg','resources/images/movies/still/Teenieping_of_Love1.jpg','resources/images/movies/still/Teenieping_of_Love2.jpg','resources/images/movies/still/Teenieping_of_Love3.jpg','https://tv.naver.com/embed/57361629','https://tv.naver.com/embed/56460873','https://tv.naver.com/embed/59145324',0,0,'24/10/04',null,'resources/images/movies/age/all.jpg');
Insert into ITN2024.PRODUCT_TB (PDID,TITLE,CONTENTS,DIRECTOR,GENRE,RUNNING_TIME,RATE,OPENING_DATE,MOVIE_CAST,IMAGE_MAIN_URL,IMAGE_SMALL_URL,IMAGE_BACKGROUND_URL,IMAGE_THRIL1_URL,IMAGE_THRIL2_URL,IMAGE_THRIL3_URL,TRAILER_MAIN_URL,TRAILER1_URL,TRAILER2_URL,CUMULATIVE,HAPPY_POINT,INSERT_TIME,UPDATE_TIME,RATE_URL) values ('PD012','로봇 드림','뉴욕 맨해튼에서 홀로 외롭게 살던 도그는
TV를 보다 홀린 듯 반려 로봇을 주문하고
그와 둘도 없는 단짝이 되어 행복한 나날을 보낸다

그러던 어느 날, 해수욕장에 놀러 간 도그와 로봇은
예기치 못한 상황에 휩쓸려 이별을 맞이하게 되는데···

“기다려, 내가 꼭 다시 데리러 올게!”','파블로 베르헤르','애니메이션',102,'전체관람가','2024.09.25','권도권,한율규','resources/images/movies/big_background/big_background12.jpg','resources/images/movies/Robot_Dreams.jpg','resources/images/movies/background/background12.jpg','resources/images/movies/still/Robot_Dreams1.jpg','resources/images/movies/still/Robot_Dreams2.jpg','resources/images/movies/still/Robot_Dreams3.jpg','https://tv.naver.com/embed/47139521','https://tv.naver.com/embed/46475393','https://tv.naver.com/embed/48246974',0,0,'24/10/04',null,'resources/images/movies/age/all.jpg');
Insert into ITN2024.PRODUCT_TB (PDID,TITLE,CONTENTS,DIRECTOR,GENRE,RUNNING_TIME,RATE,OPENING_DATE,MOVIE_CAST,IMAGE_MAIN_URL,IMAGE_SMALL_URL,IMAGE_BACKGROUND_URL,IMAGE_THRIL1_URL,IMAGE_THRIL2_URL,IMAGE_THRIL3_URL,TRAILER_MAIN_URL,TRAILER1_URL,TRAILER2_URL,CUMULATIVE,HAPPY_POINT,INSERT_TIME,UPDATE_TIME,RATE_URL) values ('PD013','빈 국립 오페라 : 투란도트','푸치니의 마지막 오페라 <투란도트>가 빈 국립 오페라 극단으로 돌아온다.
           동화에서 가져온 소재, 신비로운 중국 음악의 선율로 그의 다른 작품들과는
           차별화된 작품이며 갑작스러운 죽음으로 미완성된 작품이기도 하다. 이번
           <투란도트>는 수많은 오페라를 성공으로 이끈 거장 클라우스 구트가 연출을
           맡아 현대적인 해석이 더해진 무대를 빈 국립 오페라 극장에 재현해 낸다.
           또한, 몰입감 있는 연기력과 환상적인 가창력을','클라우스 구트','공연',142,'15세이상관람가','2024.10.03','아스믹 그리고리안,요나스 카우프만,외르크 슈나이더,단 폴 두미트레스쿠','resources/images/movies/big_background/big_background13.jpg','resources/images/movies/Turandot.jpg','resources/images/movies/background/background13.jpg','resources/images/movies/still/Turandot1.jpg','resources/images/movies/still/Turandot2.jpg','resources/images/movies/still/Turandot3.jpg','https://tv.naver.com/embed/61381896',null,null,0,0,'24/10/04',null,'resources/images/movies/age/15.jpg');
Insert into ITN2024.PRODUCT_TB (PDID,TITLE,CONTENTS,DIRECTOR,GENRE,RUNNING_TIME,RATE,OPENING_DATE,MOVIE_CAST,IMAGE_MAIN_URL,IMAGE_SMALL_URL,IMAGE_BACKGROUND_URL,IMAGE_THRIL1_URL,IMAGE_THRIL2_URL,IMAGE_THRIL3_URL,TRAILER_MAIN_URL,TRAILER1_URL,TRAILER2_URL,CUMULATIVE,HAPPY_POINT,INSERT_TIME,UPDATE_TIME,RATE_URL) values ('PD014','노트북','"영혼을 바쳐 한 사람을 사랑했고, 그것만으로도 성공한 인생입니다"
노아(라이언 고슬링)는 여름 휴가를 맞아 잠시 시골로 내려온
밝고 아름다운 부잣집 아가씨 앨리(레이첼 맥아담스)에게 한 눈에 반한다.
서로에게 빠르게 빠져들어 뜨거운 여름을 보내는 두 사람.
그러나 너무나 다른 가정 환경으로 인해 강렬했던 노아와 앨리의 첫사랑은 이별을 맞는다.
시간이 흐른 후, 여전히 서로를 가슴속에 묻은 채 살던 두 사람은 우연히 재회하게 된다.
그러나 앨리의 곁엔 결혼을 약속한 완벽한 약혼자가 있는데...','닉 카사베츠','멜로/로맨스, 드라마',123,'15세이상관람가','2024.10.09','레이첼 맥아담스, 라이언 고슬링','resources/images/movies/big_background/big_background19.jpg','resources/images/movies/Notebook.jpg','resources/images/movies/background/background19.jpg','resources/images/movies/still/Notebook1.jpg','resources/images/movies/still/Notebook2.jpg','resources/images/movies/still/Notebook3.jpg','https://tv.naver.com/embed/61411136','https://tv.naver.com/embed/16197761','https://tv.naver.com/embed/16198413',0,0,'24/10/04',null,'resources/images/movies/age/15.jpg');
Insert into ITN2024.PRODUCT_TB (PDID,TITLE,CONTENTS,DIRECTOR,GENRE,RUNNING_TIME,RATE,OPENING_DATE,MOVIE_CAST,IMAGE_MAIN_URL,IMAGE_SMALL_URL,IMAGE_BACKGROUND_URL,IMAGE_THRIL1_URL,IMAGE_THRIL2_URL,IMAGE_THRIL3_URL,TRAILER_MAIN_URL,TRAILER1_URL,TRAILER2_URL,CUMULATIVE,HAPPY_POINT,INSERT_TIME,UPDATE_TIME,RATE_URL) values ('PD022','트랜스포머 one','행성의 운명을 건 전쟁,
세상을 구할 놀라운 변신이 시작된다!

사이버트론 행성의 지하 광산에서 일하는
변신 못 하는 하급 로봇 오라이온 팩스와 D-16.
한 번도 가보지 못한 지상 세계를 꿈꾸던 둘은
쾌활한 수다쟁이 B-127, 카리스마 넘치는 엘리타 원과 함께
출입이 금지된 지상에 도달한다...','조시 쿨리','애니메이션, 액션, 어드벤처',104,'전체관람가','2024-09-25','크리스 헴스워스, 브라이언 타이리 헨리, 스칼렛 요한슨, 키건 마이클 키, 스티브 부세미, 로렌스 피쉬번, 존 햄','resources/images/movies/big_background/big_background9.jpg','resources/images/movies/Transformers_One.jpg','resources/images/movies/background/background9.jpg','resources/images/movies/still/Transformers_One1.jpg','resources/images/movies/still/Transformers_One2.jpg','resources/images/movies/still/Transformers_One3.jpg','https://tv.naver.com/embed/50468146','https://tv.naver.com/embed/58525155','https://tv.naver.com/embed/61391986',0,0,'2024/10/13 15:11:01',null,'resources/images/movies/age/all.jpg');
Insert into ITN2024.PRODUCT_TB (PDID,TITLE,CONTENTS,DIRECTOR,GENRE,RUNNING_TIME,RATE,OPENING_DATE,MOVIE_CAST,IMAGE_MAIN_URL,IMAGE_SMALL_URL,IMAGE_BACKGROUND_URL,IMAGE_THRIL1_URL,IMAGE_THRIL2_URL,IMAGE_THRIL3_URL,TRAILER_MAIN_URL,TRAILER1_URL,TRAILER2_URL,CUMULATIVE,HAPPY_POINT,INSERT_TIME,UPDATE_TIME,RATE_URL) values ('PD015','비틀쥬스 비틀쥬스','유령과 대화하는 영매로 유명세를 타게 된 리디아(위노나 라이더)와
그런 엄마가 마음에 들지 않는 10대 딸 아스트리드(제나 오르테가).

할아버지 찰스의 갑작스러운 죽음으로 가족들은 함께 시골 마을에 내려간다.
유령을 보는 엄마가 마음에 들지 않는 아스트리드는 방황하던 중
함정에 빠져 저세상에 발을 들이게 되고
딸을 구하기 위해 리디아는 인간을 믿지 않는 저세상 슈퍼스타 비틀쥬스를 소환한다...','팀 버튼','공포(호러), 코미디, 판타지',104,'12세이상관람가','2024.09.04','마이클 키튼, 위노나 라이더, 캐서린 오하라, 제나 오르테가, 모니카 벨루치, 윌렘 데포, 저스틴 세럭스','resources/images/movies/big_background/big_background15.jpg','resources/images/movies/Beetlejuice_Beetlejuice.jpg','resources/images/movies/background/background15.jpg','resources/images/movies/still/Beetlejuice_Beetlejuice1.jpg','resources/images/movies/still/Beetlejuice_Beetlejuice2.jpg','resources/images/movies/still/Beetlejuice_Beetlejuice3.jpg','https://tv.naver.com/embed/52060053','https://tv.naver.com/embed/58820006','https://tv.naver.com/embed/59209554',0,0,'24/10/04',null,'resources/images/movies/age/12.png');
Insert into ITN2024.PRODUCT_TB (PDID,TITLE,CONTENTS,DIRECTOR,GENRE,RUNNING_TIME,RATE,OPENING_DATE,MOVIE_CAST,IMAGE_MAIN_URL,IMAGE_SMALL_URL,IMAGE_BACKGROUND_URL,IMAGE_THRIL1_URL,IMAGE_THRIL2_URL,IMAGE_THRIL3_URL,TRAILER_MAIN_URL,TRAILER1_URL,TRAILER2_URL,CUMULATIVE,HAPPY_POINT,INSERT_TIME,UPDATE_TIME,RATE_URL) values ('PD016','새벽의 모든','한 달에 한 번, PMS(월경전증후군) 때문에
짜증을 억제할 수 없게 되는 ‘후지사와’(카미시라이시 모네).
한층 악화된 증상에 다니던 회사를 도망치듯 그만둔 그녀는
아동용 과학 키트를 만드는 작은 회사, ‘쿠리타 과학’으로 이직한다.
친절한 동료들과 가족 같은 회사 분위기에 차츰 적응해 가던 중...','미야케 쇼','드라마',119,'전체관람가','2024.09.18','마츠무라 호쿠토, 카미시라이시 모네, 미츠이시 켄, 시부카와 키요히코','resources/images/movies/big_background/big_background17.jpg','resources/images/movies/All_the_Long_Nights.jpg','resources/images/movies/background/background17.jpg','resources/images/movies/still/All_the_Long_Nights1.jpg','resources/images/movies/still/All_the_Long_Nights2.jpg','resources/images/movies/still/All_the_Long_Nights3.jpg','https://tv.naver.com/embed/60031301','https://tv.naver.com/embed/59891070','https://tv.naver.com/embed/59593492',0,0,'24/10/04',null,'resources/images/movies/age/all.jpg');
Insert into ITN2024.PRODUCT_TB (PDID,TITLE,CONTENTS,DIRECTOR,GENRE,RUNNING_TIME,RATE,OPENING_DATE,MOVIE_CAST,IMAGE_MAIN_URL,IMAGE_SMALL_URL,IMAGE_BACKGROUND_URL,IMAGE_THRIL1_URL,IMAGE_THRIL2_URL,IMAGE_THRIL3_URL,TRAILER_MAIN_URL,TRAILER1_URL,TRAILER2_URL,CUMULATIVE,HAPPY_POINT,INSERT_TIME,UPDATE_TIME,RATE_URL) values ('PD017','원스','더 이상 사랑은 없을 거라고 믿었던 그(글렌 헨사드)
삶을 위해 꿈을 포기한 그녀(마르게타 이글로바)
더블린의 어느 밤 거리, 마법 같은 첫 만남…

마음까지 끌어안을 감미로운 하모니가
다시 우리 곁에 돌아온다!','존 카니','드라마',86,'전체관람가','2024.09.19','글렌 핸사드, 마르게타 이글로바','resources/images/movies/big_background/big_background16.jpg','resources/images/movies/Once.jpg','resources/images/movies/background/background16.jfif','resources/images/movies/still/Once1.jpg','resources/images/movies/still/Once2.jpg','resources/images/movies/still/Once3.jpg','https://tv.naver.com/embed/2095471','https://tv.naver.com/embed/2161760','https://tv.naver.com/embed/2244867',0,0,'24/10/04',null,'resources/images/movies/age/all.jpg');
Insert into ITN2024.PRODUCT_TB (PDID,TITLE,CONTENTS,DIRECTOR,GENRE,RUNNING_TIME,RATE,OPENING_DATE,MOVIE_CAST,IMAGE_MAIN_URL,IMAGE_SMALL_URL,IMAGE_BACKGROUND_URL,IMAGE_THRIL1_URL,IMAGE_THRIL2_URL,IMAGE_THRIL3_URL,TRAILER_MAIN_URL,TRAILER1_URL,TRAILER2_URL,CUMULATIVE,HAPPY_POINT,INSERT_TIME,UPDATE_TIME,RATE_URL) values ('PD018','
기븐_히이라기 믹스','“음악에 모든 걸 걸어야 하나… 무서운 걸”
밴드 기븐에게 찾아온 데뷔의 기회!
리츠카는 마후유에게 함께하자고 제안하지만, 마후유는 뜻밖에 대답을 보류한다.

“너와 해보고 싶은 게 있어”
밴드 syh의 히이라기는 리츠카에게 기타 서포트를 요청한다.
어떤 특별한 부탁과 함께.','하이모토 노리코','애니메이션',70,'15세이상관람가','2024.08.28','반 타이토, 이마이 후미야, 야노 쇼고, 우치다 유우마, 나카자와 마사토모, 에구치 타쿠야','resources/images/movies/big_background/big_background18.jpg','resources/images/movies/Given.jpg','resources/images/movies/background/background18.jpg','resources/images/movies/still/Given1.jpg','resources/images/movies/still/Given2.jpg','resources/images/movies/still/Given3.jpg','https://tv.naver.com/embed/59222051','https://tv.naver.com/embed/58581662','https://tv.naver.com/embed/16546796',0,0,'24/10/04',null,'resources/images/movies/age/15.jpg');
REM INSERTING into ITN2024.SCREENING_TB
SET DEFINE OFF;
Insert into ITN2024.SCREENING_TB (SCID,TITLE,CINEMA,BRANCH,THEATER,SEATS,REMAIN_SEATS,ADDRESS,SHOWING_TIME,INSERT_TIME,UPDATE_TIME,CITY,START_TIME,END_TIME,RESERVED_SEATS) values ('SC005','에이리언:로물루스','ITN','시청',3,38,38,'장전로12번길 55 라퓨타아일랜드 4층','2024/10/14 00:00:00','2024/10/04 01:14:35',null,'부산','2024/10/14 07:00:00','2024/10/14 09:00:00',null);
Insert into ITN2024.SCREENING_TB (SCID,TITLE,CINEMA,BRANCH,THEATER,SEATS,REMAIN_SEATS,ADDRESS,SHOWING_TIME,INSERT_TIME,UPDATE_TIME,CITY,START_TIME,END_TIME,RESERVED_SEATS) values ('SC003','사랑의 하츄핑','ITN','시청',1,32,30,'장전로12번길 55 라퓨타아일랜드 4층','2024/10/14 00:00:00','2024/10/04 01:20:30',null,'부산','2024/10/14 07:00:00','2024/10/14 09:00:00',null);
Insert into ITN2024.SCREENING_TB (SCID,TITLE,CINEMA,BRANCH,THEATER,SEATS,REMAIN_SEATS,ADDRESS,SHOWING_TIME,INSERT_TIME,UPDATE_TIME,CITY,START_TIME,END_TIME,RESERVED_SEATS) values ('SC004','로봇 드림','ITN','시청',2,22,22,'장전로12번길 55 라퓨타아일랜드 4층','2024/10/14 00:00:00','2024/10/04 01:23:49',null,'부산','2024/10/14 07:00:00','2024/10/14 09:00:00',null);
Insert into ITN2024.SCREENING_TB (SCID,TITLE,CINEMA,BRANCH,THEATER,SEATS,REMAIN_SEATS,ADDRESS,SHOWING_TIME,INSERT_TIME,UPDATE_TIME,CITY,START_TIME,END_TIME,RESERVED_SEATS) values ('SC015','빈 국립 오페라 : 투란도트','ITN','시청',3,38,34,'장전로12번길 55 라퓨타아일랜드 4층','2024/10/14 00:00:00','2024/10/04 01:28:51',null,'부산','2024/10/14 10:00:00','2024/10/14 12:00:00',null);
Insert into ITN2024.SCREENING_TB (SCID,TITLE,CINEMA,BRANCH,THEATER,SEATS,REMAIN_SEATS,ADDRESS,SHOWING_TIME,INSERT_TIME,UPDATE_TIME,CITY,START_TIME,END_TIME,RESERVED_SEATS) values ('SC011','대도시의 사랑법','ITN','시청',1,32,32,'장전로12번길 55 라퓨타아일랜드 4층','2024/10/14 00:00:00','2024/10/04 01:28:26',null,'부산','2024/10/14 10:00:00','2024/10/14 12:00:00',null);
Insert into ITN2024.SCREENING_TB (SCID,TITLE,CINEMA,BRANCH,THEATER,SEATS,REMAIN_SEATS,ADDRESS,SHOWING_TIME,INSERT_TIME,UPDATE_TIME,CITY,START_TIME,END_TIME,RESERVED_SEATS) values ('SC013','베테랑2','ITN','시청',2,22,22,'장전로12번길 55 라퓨타아일랜드 4층','2024/10/14 00:00:00','2024/10/04 01:28:39',null,'부산','2024/10/14 10:00:00','2024/10/14 12:00:00',null);
Insert into ITN2024.SCREENING_TB (SCID,TITLE,CINEMA,BRANCH,THEATER,SEATS,REMAIN_SEATS,ADDRESS,SHOWING_TIME,INSERT_TIME,UPDATE_TIME,CITY,START_TIME,END_TIME,RESERVED_SEATS) values ('SC017','룩백','ITN','시청',1,32,32,'장전로12번길 55 라퓨타아일랜드 4층','2024/10/14 00:00:00','2024/10/04 01:29:19',null,'부산','2024/10/14 13:00:00','2024/10/14 15:00:00',null);
Insert into ITN2024.SCREENING_TB (SCID,TITLE,CINEMA,BRANCH,THEATER,SEATS,REMAIN_SEATS,ADDRESS,SHOWING_TIME,INSERT_TIME,UPDATE_TIME,CITY,START_TIME,END_TIME,RESERVED_SEATS) values ('SC018','트랜스포머 one  ','ITN','시청',2,22,22,'장전로12번길 55 라퓨타아일랜드 4층','2024/10/14 00:00:00','2024/10/04 01:29:30',null,'부산','2024/10/14 13:00:00','2024/10/14 15:00:00',null);
Insert into ITN2024.SCREENING_TB (SCID,TITLE,CINEMA,BRANCH,THEATER,SEATS,REMAIN_SEATS,ADDRESS,SHOWING_TIME,INSERT_TIME,UPDATE_TIME,CITY,START_TIME,END_TIME,RESERVED_SEATS) values ('SC019','와일드 로봇 ','ITN','시청',3,38,38,'장전로12번길 55 라퓨타아일랜드 4층','2024/10/14 00:00:00','2024/10/04 01:29:42',null,'부산','2024/10/14 13:00:00','2024/10/14 15:00:00',null);
Insert into ITN2024.SCREENING_TB (SCID,TITLE,CINEMA,BRANCH,THEATER,SEATS,REMAIN_SEATS,ADDRESS,SHOWING_TIME,INSERT_TIME,UPDATE_TIME,CITY,START_TIME,END_TIME,RESERVED_SEATS) values ('SC029','안녕, 할부지','ITN','시청',3,38,38,'장전로12번길 55 라퓨타아일랜드 4층','2024/10/14 00:00:00','2024/10/04 01:32:42',null,'부산','2024/10/14 16:00:00','2024/10/14 18:00:00',null);
Insert into ITN2024.SCREENING_TB (SCID,TITLE,CINEMA,BRANCH,THEATER,SEATS,REMAIN_SEATS,ADDRESS,SHOWING_TIME,INSERT_TIME,UPDATE_TIME,CITY,START_TIME,END_TIME,RESERVED_SEATS) values ('SC027','노트북','ITN','시청',1,32,32,'장전로12번길 55 라퓨타아일랜드 4층','2024/10/14 00:00:00','2024/10/04 01:32:20',null,'부산','2024/10/14 16:00:00','2024/10/14 18:00:00',null);
Insert into ITN2024.SCREENING_TB (SCID,TITLE,CINEMA,BRANCH,THEATER,SEATS,REMAIN_SEATS,ADDRESS,SHOWING_TIME,INSERT_TIME,UPDATE_TIME,CITY,START_TIME,END_TIME,RESERVED_SEATS) values ('SC032','비틀쥬스 비틀쥬스','ITN','시청',2,22,22,'장전로12번길 55 라퓨타아일랜드 4층','2024/10/14 00:00:00','2024/10/04 01:35:19',null,'부산','2024/10/14 19:00:00','2024/10/14 21:00:00',null);
Insert into ITN2024.SCREENING_TB (SCID,TITLE,CINEMA,BRANCH,THEATER,SEATS,REMAIN_SEATS,ADDRESS,SHOWING_TIME,INSERT_TIME,UPDATE_TIME,CITY,START_TIME,END_TIME,RESERVED_SEATS) values ('SC030','새벽의 모든','ITN','시청',3,38,38,'장전로12번길 55 라퓨타아일랜드 4층','2024/10/14 00:00:00','2024/10/04 01:34:56',null,'부산','2024/10/14 16:00:00','2024/10/14 18:00:00',null);
Insert into ITN2024.SCREENING_TB (SCID,TITLE,CINEMA,BRANCH,THEATER,SEATS,REMAIN_SEATS,ADDRESS,SHOWING_TIME,INSERT_TIME,UPDATE_TIME,CITY,START_TIME,END_TIME,RESERVED_SEATS) values ('SC031','원스','ITN','시청',1,32,32,'장전로12번길 55 라퓨타아일랜드 4층','2024/10/14 00:00:00','2024/10/04 01:35:13',null,'부산','2024/10/14 19:00:00','2024/10/14 21:00:00',null);
Insert into ITN2024.SCREENING_TB (SCID,TITLE,CINEMA,BRANCH,THEATER,SEATS,REMAIN_SEATS,ADDRESS,SHOWING_TIME,INSERT_TIME,UPDATE_TIME,CITY,START_TIME,END_TIME,RESERVED_SEATS) values ('SC033','기븐_히이라기 믹스','ITN','시청',3,38,38,'장전로12번길 55 라퓨타아일랜드 4층','2024/10/14 00:00:00','2024/10/04 01:35:25',null,'부산','2024/10/14 19:00:00','2024/10/14 21:00:00',null);
Insert into ITN2024.SCREENING_TB (SCID,TITLE,CINEMA,BRANCH,THEATER,SEATS,REMAIN_SEATS,ADDRESS,SHOWING_TIME,INSERT_TIME,UPDATE_TIME,CITY,START_TIME,END_TIME,RESERVED_SEATS) values ('SC036','에이리언:로물루스','ITN','서면',1,32,32,'부산광역시 부산진구 동천로 4 지오플레이스 6F','2024/10/14 00:00:00','2024/10/04 01:36:15',null,'부산','2024/10/14 07:00:00','2024/10/14 09:00:00',null);
Insert into ITN2024.SCREENING_TB (SCID,TITLE,CINEMA,BRANCH,THEATER,SEATS,REMAIN_SEATS,ADDRESS,SHOWING_TIME,INSERT_TIME,UPDATE_TIME,CITY,START_TIME,END_TIME,RESERVED_SEATS) values ('SC038','사랑의 하츄핑','ITN','서면',2,22,22,'부산광역시 부산진구 동천로 4 지오플레이스 6F','2024/10/14 00:00:00','2024/10/04 01:36:20',null,'부산','2024/10/14 07:00:00','2024/10/14 09:00:00',null);
Insert into ITN2024.SCREENING_TB (SCID,TITLE,CINEMA,BRANCH,THEATER,SEATS,REMAIN_SEATS,ADDRESS,SHOWING_TIME,INSERT_TIME,UPDATE_TIME,CITY,START_TIME,END_TIME,RESERVED_SEATS) values ('SC039','로봇 드림','ITN','서면',3,38,38,'부산광역시 부산진구 동천로 4 지오플레이스 6F','2024/10/14 00:00:00','2024/10/04 01:36:26',null,'부산','2024/10/14 07:00:00','2024/10/14 09:00:00',null);
Insert into ITN2024.SCREENING_TB (SCID,TITLE,CINEMA,BRANCH,THEATER,SEATS,REMAIN_SEATS,ADDRESS,SHOWING_TIME,INSERT_TIME,UPDATE_TIME,CITY,START_TIME,END_TIME,RESERVED_SEATS) values ('SC040','빈 국립 오페라 : 투란도트','ITN','서면',1,32,32,'부산광역시 부산진구 동천로 4 지오플레이스 6F','2024/10/14 00:00:00','2024/10/04 01:36:48',null,'부산','2024/10/14 10:00:00','2024/10/14 12:00:00',null);
Insert into ITN2024.SCREENING_TB (SCID,TITLE,CINEMA,BRANCH,THEATER,SEATS,REMAIN_SEATS,ADDRESS,SHOWING_TIME,INSERT_TIME,UPDATE_TIME,CITY,START_TIME,END_TIME,RESERVED_SEATS) values ('SC043','대도시의 사랑법','ITN','서면',2,22,22,'부산광역시 부산진구 동천로 4 지오플레이스 6F','2024/10/14 00:00:00','2024/10/04 01:36:57',null,'부산','2024/10/14 10:00:00','2024/10/14 12:00:00',null);
Insert into ITN2024.SCREENING_TB (SCID,TITLE,CINEMA,BRANCH,THEATER,SEATS,REMAIN_SEATS,ADDRESS,SHOWING_TIME,INSERT_TIME,UPDATE_TIME,CITY,START_TIME,END_TIME,RESERVED_SEATS) values ('SC045','베테랑2','ITN','서면',3,38,38,'부산광역시 부산진구 동천로 4 지오플레이스 6F','2024/10/14 00:00:00','2024/10/04 01:37:10',null,'부산','2024/10/14 10:00:00','2024/10/14 12:00:00',null);
Insert into ITN2024.SCREENING_TB (SCID,TITLE,CINEMA,BRANCH,THEATER,SEATS,REMAIN_SEATS,ADDRESS,SHOWING_TIME,INSERT_TIME,UPDATE_TIME,CITY,START_TIME,END_TIME,RESERVED_SEATS) values ('SC047','룩백','ITN','서면',1,32,32,'부산광역시 부산진구 동천로 4 지오플레이스 6F','2024/10/14 00:00:00','2024/10/04 01:37:33',null,'부산','2024/10/14 13:00:00','2024/10/14 15:00:00',null);
Insert into ITN2024.SCREENING_TB (SCID,TITLE,CINEMA,BRANCH,THEATER,SEATS,REMAIN_SEATS,ADDRESS,SHOWING_TIME,INSERT_TIME,UPDATE_TIME,CITY,START_TIME,END_TIME,RESERVED_SEATS) values ('SC049','트랜스포머 one  ','ITN','서면',2,22,22,'부산광역시 부산진구 동천로 4 지오플레이스 6F','2024/10/14 00:00:00','2024/10/04 01:37:40',null,'부산','2024/10/14 13:00:00','2024/10/14 15:00:00',null);
Insert into ITN2024.SCREENING_TB (SCID,TITLE,CINEMA,BRANCH,THEATER,SEATS,REMAIN_SEATS,ADDRESS,SHOWING_TIME,INSERT_TIME,UPDATE_TIME,CITY,START_TIME,END_TIME,RESERVED_SEATS) values ('SC051','와일드 로봇 ','ITN','서면',3,38,38,'부산광역시 부산진구 동천로 4 지오플레이스 6F','2024/10/14 00:00:00','2024/10/04 01:38:08',null,'부산','2024/10/14 13:00:00','2024/10/14 15:00:00',null);
Insert into ITN2024.SCREENING_TB (SCID,TITLE,CINEMA,BRANCH,THEATER,SEATS,REMAIN_SEATS,ADDRESS,SHOWING_TIME,INSERT_TIME,UPDATE_TIME,CITY,START_TIME,END_TIME,RESERVED_SEATS) values ('SC055','안녕, 할부지','ITN','서면',1,32,32,'부산광역시 부산진구 동천로 4 지오플레이스 6F','2024/10/14 00:00:00','2024/10/04 01:38:36',null,'부산','2024/10/14 16:00:00','2024/10/14 18:00:00',null);
Insert into ITN2024.SCREENING_TB (SCID,TITLE,CINEMA,BRANCH,THEATER,SEATS,REMAIN_SEATS,ADDRESS,SHOWING_TIME,INSERT_TIME,UPDATE_TIME,CITY,START_TIME,END_TIME,RESERVED_SEATS) values ('SC058','노트북','ITN','서면',2,22,22,'부산광역시 부산진구 동천로 4 지오플레이스 6F','2024/10/14 00:00:00','2024/10/04 01:38:48',null,'부산','2024/10/14 16:00:00','2024/10/14 18:00:00',null);
Insert into ITN2024.SCREENING_TB (SCID,TITLE,CINEMA,BRANCH,THEATER,SEATS,REMAIN_SEATS,ADDRESS,SHOWING_TIME,INSERT_TIME,UPDATE_TIME,CITY,START_TIME,END_TIME,RESERVED_SEATS) values ('SC060','비틀쥬스 비틀쥬스','ITN','서면',3,38,38,'부산광역시 부산진구 동천로 4 지오플레이스 6F','2024/10/14 00:00:00','2024/10/04 01:38:55',null,'부산','2024/10/14 16:00:00','2024/10/14 18:00:00',null);
Insert into ITN2024.SCREENING_TB (SCID,TITLE,CINEMA,BRANCH,THEATER,SEATS,REMAIN_SEATS,ADDRESS,SHOWING_TIME,INSERT_TIME,UPDATE_TIME,CITY,START_TIME,END_TIME,RESERVED_SEATS) values ('SC061','새벽의 모든','ITN','서면',1,32,32,'부산광역시 부산진구 동천로 4 지오플레이스 6F','2024/10/14 00:00:00','2024/10/04 01:39:16',null,'부산','2024/10/14 19:00:00','2024/10/14 21:00:00',null);
Insert into ITN2024.SCREENING_TB (SCID,TITLE,CINEMA,BRANCH,THEATER,SEATS,REMAIN_SEATS,ADDRESS,SHOWING_TIME,INSERT_TIME,UPDATE_TIME,CITY,START_TIME,END_TIME,RESERVED_SEATS) values ('SC062','원스','ITN','서면',2,22,22,'부산광역시 부산진구 동천로 4 지오플레이스 6F','2024/10/14 00:00:00','2024/10/04 01:39:31',null,'부산','2024/10/14 19:00:00','2024/10/14 21:00:00',null);
Insert into ITN2024.SCREENING_TB (SCID,TITLE,CINEMA,BRANCH,THEATER,SEATS,REMAIN_SEATS,ADDRESS,SHOWING_TIME,INSERT_TIME,UPDATE_TIME,CITY,START_TIME,END_TIME,RESERVED_SEATS) values ('SC063','기븐_히이라기 믹스','ITN','서면',3,38,38,'부산광역시 부산진구 동천로 4 지오플레이스 6F','2024/10/14 00:00:00','2024/10/04 01:39:37',null,'부산','2024/10/14 19:00:00','2024/10/14 21:00:00',null);
Insert into ITN2024.SCREENING_TB (SCID,TITLE,CINEMA,BRANCH,THEATER,SEATS,REMAIN_SEATS,ADDRESS,SHOWING_TIME,INSERT_TIME,UPDATE_TIME,CITY,START_TIME,END_TIME,RESERVED_SEATS) values ('SC064','에이리언:로물루스','ITN','동래',1,32,32,'부산광역시 동래구 중앙대로 1523','2024/10/14 00:00:00','2024/10/04 01:40:56',null,'부산','2024/10/14 07:00:00','2024/10/14 09:00:00',null);
Insert into ITN2024.SCREENING_TB (SCID,TITLE,CINEMA,BRANCH,THEATER,SEATS,REMAIN_SEATS,ADDRESS,SHOWING_TIME,INSERT_TIME,UPDATE_TIME,CITY,START_TIME,END_TIME,RESERVED_SEATS) values ('SC065','소년시절의 너','ITN','동래',2,22,22,'부산광역시 동래구 중앙대로 1523','2024/10/14 00:00:00','2024/10/04 01:41:02',null,'부산','2024/10/14 07:00:00','2024/10/14 09:00:00',null);
Insert into ITN2024.SCREENING_TB (SCID,TITLE,CINEMA,BRANCH,THEATER,SEATS,REMAIN_SEATS,ADDRESS,SHOWING_TIME,INSERT_TIME,UPDATE_TIME,CITY,START_TIME,END_TIME,RESERVED_SEATS) values ('SC066','조커: 폴리 아 되','ITN','동래',3,38,34,'부산광역시 동래구 중앙대로 1523','2024/10/14 00:00:00','2024/10/04 01:41:16',null,'부산','2024/10/14 07:00:00','2024/10/14 09:00:00',null);
Insert into ITN2024.SCREENING_TB (SCID,TITLE,CINEMA,BRANCH,THEATER,SEATS,REMAIN_SEATS,ADDRESS,SHOWING_TIME,INSERT_TIME,UPDATE_TIME,CITY,START_TIME,END_TIME,RESERVED_SEATS) values ('SC067','원스','ITN','동래',1,32,32,'부산광역시 동래구 중앙대로 1523','2024/10/14 00:00:00','2024/10/04 01:41:34',null,'부산','2024/10/14 10:00:00','2024/10/14 12:00:00',null);
Insert into ITN2024.SCREENING_TB (SCID,TITLE,CINEMA,BRANCH,THEATER,SEATS,REMAIN_SEATS,ADDRESS,SHOWING_TIME,INSERT_TIME,UPDATE_TIME,CITY,START_TIME,END_TIME,RESERVED_SEATS) values ('SC068','타인의 삶','ITN','동래',2,22,22,'부산광역시 동래구 중앙대로 1523','2024/10/14 00:00:00','2024/10/04 01:41:46',null,'부산','2024/10/14 10:00:00','2024/10/14 12:00:00',null);
Insert into ITN2024.SCREENING_TB (SCID,TITLE,CINEMA,BRANCH,THEATER,SEATS,REMAIN_SEATS,ADDRESS,SHOWING_TIME,INSERT_TIME,UPDATE_TIME,CITY,START_TIME,END_TIME,RESERVED_SEATS) values ('SC069','새벽의 모든','ITN','동래',3,38,38,'부산광역시 동래구 중앙대로 1523','2024/10/14 00:00:00','2024/10/04 01:41:54',null,'부산','2024/10/14 10:00:00','2024/10/14 12:00:00',null);
Insert into ITN2024.SCREENING_TB (SCID,TITLE,CINEMA,BRANCH,THEATER,SEATS,REMAIN_SEATS,ADDRESS,SHOWING_TIME,INSERT_TIME,UPDATE_TIME,CITY,START_TIME,END_TIME,RESERVED_SEATS) values ('SC070','비긴 어게인','ITN','동래',1,32,32,'부산광역시 동래구 중앙대로 1523','2024/10/14 00:00:00','2024/10/04 01:42:17',null,'부산','2024/10/14 13:00:00','2024/10/14 15:00:00',null);
Insert into ITN2024.SCREENING_TB (SCID,TITLE,CINEMA,BRANCH,THEATER,SEATS,REMAIN_SEATS,ADDRESS,SHOWING_TIME,INSERT_TIME,UPDATE_TIME,CITY,START_TIME,END_TIME,RESERVED_SEATS) values ('SC071','노트북','ITN','동래',2,22,22,'부산광역시 동래구 중앙대로 1523','2024/10/14 00:00:00','2024/10/04 01:42:14',null,'부산','2024/10/14 13:00:00','2024/10/14 15:00:00',null);
Insert into ITN2024.SCREENING_TB (SCID,TITLE,CINEMA,BRANCH,THEATER,SEATS,REMAIN_SEATS,ADDRESS,SHOWING_TIME,INSERT_TIME,UPDATE_TIME,CITY,START_TIME,END_TIME,RESERVED_SEATS) values ('SC072','트랜스포머 one  ','ITN','동래',3,38,38,'부산광역시 동래구 중앙대로 1523','2024/10/14 00:00:00','2024/10/04 01:42:32',null,'부산','2024/10/14 13:00:00','2024/10/14 15:00:00',null);
Insert into ITN2024.SCREENING_TB (SCID,TITLE,CINEMA,BRANCH,THEATER,SEATS,REMAIN_SEATS,ADDRESS,SHOWING_TIME,INSERT_TIME,UPDATE_TIME,CITY,START_TIME,END_TIME,RESERVED_SEATS) values ('SC001','빈 국립 오페라 : 투란도트','ITN','강남',1,32,30,'서울특별시 강남구 강남대로 438 스타플렉스 4층~8층','2024/10/14 00:00:00','2024/10/04 01:17:47',null,'서울','2024/10/14 07:00:00','2024/10/14 09:00:00',null);
Insert into ITN2024.SCREENING_TB (SCID,TITLE,CINEMA,BRANCH,THEATER,SEATS,REMAIN_SEATS,ADDRESS,SHOWING_TIME,INSERT_TIME,UPDATE_TIME,CITY,START_TIME,END_TIME,RESERVED_SEATS) values ('SC002','소년시절의 너','ITN','강남',2,22,20,'서울특별시 강남구 강남대로 438 스타플렉스 4층~8층','2024/10/14 00:00:00','2024/10/04 01:18:14',null,'서울','2024/10/14 07:00:00','2024/10/14 09:00:00',null);
Insert into ITN2024.SCREENING_TB (SCID,TITLE,CINEMA,BRANCH,THEATER,SEATS,REMAIN_SEATS,ADDRESS,SHOWING_TIME,INSERT_TIME,UPDATE_TIME,CITY,START_TIME,END_TIME,RESERVED_SEATS) values ('SC006','보통의 가족','ITN','강남',3,38,38,'서울특별시 강남구 강남대로 438 스타플렉스 4층~8층','2024/10/14 00:00:00','2024/10/04 01:14:37',null,'서울','2024/10/14 07:00:00','2024/10/14 09:00:00',null);
Insert into ITN2024.SCREENING_TB (SCID,TITLE,CINEMA,BRANCH,THEATER,SEATS,REMAIN_SEATS,ADDRESS,SHOWING_TIME,INSERT_TIME,UPDATE_TIME,CITY,START_TIME,END_TIME,RESERVED_SEATS) values ('SC008','기븐_히이라기 믹스','ITN','강남',1,32,32,'서울특별시 강남구 강남대로 438 스타플렉스 4층~8층','2024/10/14 00:00:00','2024/10/04 01:26:40',null,'서울','2024/10/14 10:00:00','2024/10/14 12:00:00',null);
Insert into ITN2024.SCREENING_TB (SCID,TITLE,CINEMA,BRANCH,THEATER,SEATS,REMAIN_SEATS,ADDRESS,SHOWING_TIME,INSERT_TIME,UPDATE_TIME,CITY,START_TIME,END_TIME,RESERVED_SEATS) values ('SC009','비긴 어게인','ITN','강남',2,22,22,'서울특별시 강남구 강남대로 438 스타플렉스 4층~8층','2024/10/14 00:00:00','2024/10/04 01:26:56',null,'서울','2024/10/14 10:00:00','2024/10/14 12:00:00',null);
Insert into ITN2024.SCREENING_TB (SCID,TITLE,CINEMA,BRANCH,THEATER,SEATS,REMAIN_SEATS,ADDRESS,SHOWING_TIME,INSERT_TIME,UPDATE_TIME,CITY,START_TIME,END_TIME,RESERVED_SEATS) values ('SC010','원스','ITN','강남',3,38,20,'서울특별시 강남구 강남대로 438 스타플렉스 4층~8층','2024/10/14 00:00:00','2024/10/04 01:27:08',null,'서울','2024/10/14 10:00:00','2024/10/14 12:00:00',null);
Insert into ITN2024.SCREENING_TB (SCID,TITLE,CINEMA,BRANCH,THEATER,SEATS,REMAIN_SEATS,ADDRESS,SHOWING_TIME,INSERT_TIME,UPDATE_TIME,CITY,START_TIME,END_TIME,RESERVED_SEATS) values ('SC012','로봇 드림','ITN','강남',1,32,32,'서울특별시 강남구 강남대로 438 스타플렉스 4층~8층','2024/10/14 00:00:00','2024/10/04 01:28:31',null,'서울','2024/10/14 13:00:00','2024/10/14 15:00:00',null);
Insert into ITN2024.SCREENING_TB (SCID,TITLE,CINEMA,BRANCH,THEATER,SEATS,REMAIN_SEATS,ADDRESS,SHOWING_TIME,INSERT_TIME,UPDATE_TIME,CITY,START_TIME,END_TIME,RESERVED_SEATS) values ('SC014','비틀쥬스 비틀쥬스','ITN','강남',2,22,22,'서울특별시 강남구 강남대로 438 스타플렉스 4층~8층','2024/10/14 00:00:00','2024/10/04 01:28:46',null,'서울','2024/10/14 13:00:00','2024/10/14 15:00:00',null);
Insert into ITN2024.SCREENING_TB (SCID,TITLE,CINEMA,BRANCH,THEATER,SEATS,REMAIN_SEATS,ADDRESS,SHOWING_TIME,INSERT_TIME,UPDATE_TIME,CITY,START_TIME,END_TIME,RESERVED_SEATS) values ('SC016','안녕, 할부지','ITN','강남',3,38,38,'서울특별시 강남구 강남대로 438 스타플렉스 4층~8층','2024/10/14 00:00:00','2024/10/04 01:28:54','2024/10/14 03/35/48','서울','2024/10/14 13:00:00','2024/10/14 15:00:00',null);
Insert into ITN2024.SCREENING_TB (SCID,TITLE,CINEMA,BRANCH,THEATER,SEATS,REMAIN_SEATS,ADDRESS,SHOWING_TIME,INSERT_TIME,UPDATE_TIME,CITY,START_TIME,END_TIME,RESERVED_SEATS) values ('SC020','새벽의 모든','ITN','강남',1,32,32,'서울특별시 강남구 강남대로 438 스타플렉스 4층~8층','2024/10/14 00:00:00','2024/10/04 01:30:06',null,'서울','2024/10/14 16:00:00','2024/10/14 18:00:00',null);
Insert into ITN2024.SCREENING_TB (SCID,TITLE,CINEMA,BRANCH,THEATER,SEATS,REMAIN_SEATS,ADDRESS,SHOWING_TIME,INSERT_TIME,UPDATE_TIME,CITY,START_TIME,END_TIME,RESERVED_SEATS) values ('SC022','와일드 로봇 ','ITN','강남',2,22,22,'서울특별시 강남구 강남대로 438 스타플렉스 4층~8층','2024/10/14 00:00:00','2024/10/04 01:30:14',null,'서울','2024/10/14 16:00:00','2024/10/14 18:00:00',null);
Insert into ITN2024.SCREENING_TB (SCID,TITLE,CINEMA,BRANCH,THEATER,SEATS,REMAIN_SEATS,ADDRESS,SHOWING_TIME,INSERT_TIME,UPDATE_TIME,CITY,START_TIME,END_TIME,RESERVED_SEATS) values ('SC023','베테랑2','ITN','강남',3,38,38,'서울특별시 강남구 강남대로 438 스타플렉스 4층~8층','2024/10/14 00:00:00','2024/10/04 01:30:21',null,'서울','2024/10/14 16:00:00','2024/10/14 18:00:00',null);
Insert into ITN2024.SCREENING_TB (SCID,TITLE,CINEMA,BRANCH,THEATER,SEATS,REMAIN_SEATS,ADDRESS,SHOWING_TIME,INSERT_TIME,UPDATE_TIME,CITY,START_TIME,END_TIME,RESERVED_SEATS) values ('SC024','트랜스포머 one  ','ITN','강남',1,32,32,'서울특별시 강남구 강남대로 438 스타플렉스 4층~8층','2024/10/14 00:00:00','2024/10/04 01:30:56',null,'서울','2024/10/14 19:00:00','2024/10/14 21:00:00',null);
Insert into ITN2024.SCREENING_TB (SCID,TITLE,CINEMA,BRANCH,THEATER,SEATS,REMAIN_SEATS,ADDRESS,SHOWING_TIME,INSERT_TIME,UPDATE_TIME,CITY,START_TIME,END_TIME,RESERVED_SEATS) values ('SC025','대도시의 사랑법','ITN','강남',2,22,22,'서울특별시 강남구 강남대로 438 스타플렉스 4층~8층','2024/10/14 00:00:00','2024/10/04 01:31:01',null,'서울','2024/10/14 19:00:00','2024/10/14 21:00:00',null);
Insert into ITN2024.SCREENING_TB (SCID,TITLE,CINEMA,BRANCH,THEATER,SEATS,REMAIN_SEATS,ADDRESS,SHOWING_TIME,INSERT_TIME,UPDATE_TIME,CITY,START_TIME,END_TIME,RESERVED_SEATS) values ('SC026','조커: 폴리 아 되','ITN','강남',3,38,38,'서울특별시 강남구 강남대로 438 스타플렉스 4층~8층','2024/10/14 00:00:00','2024/10/04 01:31:05',null,'서울','2024/10/14 19:00:00','2024/10/14 21:00:00',null);
Insert into ITN2024.SCREENING_TB (SCID,TITLE,CINEMA,BRANCH,THEATER,SEATS,REMAIN_SEATS,ADDRESS,SHOWING_TIME,INSERT_TIME,UPDATE_TIME,CITY,START_TIME,END_TIME,RESERVED_SEATS) values ('SC034','비틀쥬스 비틀쥬스','ITN','신촌',1,32,32,'서울특별시 서대문구 신촌로 129','2024/10/14 00:00:00','2024/10/04 01:36:00',null,'서울','2024/10/14 07:00:00','2024/10/14 09:00:00',null);
Insert into ITN2024.SCREENING_TB (SCID,TITLE,CINEMA,BRANCH,THEATER,SEATS,REMAIN_SEATS,ADDRESS,SHOWING_TIME,INSERT_TIME,UPDATE_TIME,CITY,START_TIME,END_TIME,RESERVED_SEATS) values ('SC035','새벽의 모든','ITN','신촌',2,22,22,'서울특별시 서대문구 신촌로 129','2024/10/14 00:00:00','2024/10/04 01:36:10',null,'서울','2024/10/14 07:00:00','2024/10/14 09:00:00',null);
Insert into ITN2024.SCREENING_TB (SCID,TITLE,CINEMA,BRANCH,THEATER,SEATS,REMAIN_SEATS,ADDRESS,SHOWING_TIME,INSERT_TIME,UPDATE_TIME,CITY,START_TIME,END_TIME,RESERVED_SEATS) values ('SC037','원스','ITN','신촌',3,38,38,'서울특별시 서대문구 신촌로 129','2024/10/14 00:00:00','2024/10/04 01:36:17',null,'서울','2024/10/14 07:00:00','2024/10/14 09:00:00',null);
Insert into ITN2024.SCREENING_TB (SCID,TITLE,CINEMA,BRANCH,THEATER,SEATS,REMAIN_SEATS,ADDRESS,SHOWING_TIME,INSERT_TIME,UPDATE_TIME,CITY,START_TIME,END_TIME,RESERVED_SEATS) values ('SC041','기븐_히이라기 믹스','ITN','신촌',1,32,32,'서울특별시 서대문구 신촌로 129','2024/10/14 00:00:00','2024/10/04 01:36:50',null,'서울','2024/10/14 10:00:00','2024/10/14 12:00:00',null);
Insert into ITN2024.SCREENING_TB (SCID,TITLE,CINEMA,BRANCH,THEATER,SEATS,REMAIN_SEATS,ADDRESS,SHOWING_TIME,INSERT_TIME,UPDATE_TIME,CITY,START_TIME,END_TIME,RESERVED_SEATS) values ('SC042','소년시절의 너','ITN','신촌',2,22,22,'서울특별시 서대문구 신촌로 129','2024/10/14 00:00:00','2024/10/04 01:36:57',null,'서울','2024/10/14 10:00:00','2024/10/14 12:00:00',null);
Insert into ITN2024.SCREENING_TB (SCID,TITLE,CINEMA,BRANCH,THEATER,SEATS,REMAIN_SEATS,ADDRESS,SHOWING_TIME,INSERT_TIME,UPDATE_TIME,CITY,START_TIME,END_TIME,RESERVED_SEATS) values ('SC044','타인의 삶','ITN','신촌',3,38,38,'서울특별시 서대문구 신촌로 129','2024/10/14 00:00:00','2024/10/04 01:37:01',null,'서울','2024/10/14 10:00:00','2024/10/14 12:00:00',null);
Insert into ITN2024.SCREENING_TB (SCID,TITLE,CINEMA,BRANCH,THEATER,SEATS,REMAIN_SEATS,ADDRESS,SHOWING_TIME,INSERT_TIME,UPDATE_TIME,CITY,START_TIME,END_TIME,RESERVED_SEATS) values ('SC046','조커: 폴리 아 되','ITN','신촌',1,32,32,'서울특별시 서대문구 신촌로 129','2024/10/14 00:00:00','2024/10/04 01:37:32',null,'서울','2024/10/14 13:00:00','2024/10/14 15:00:00',null);
Insert into ITN2024.SCREENING_TB (SCID,TITLE,CINEMA,BRANCH,THEATER,SEATS,REMAIN_SEATS,ADDRESS,SHOWING_TIME,INSERT_TIME,UPDATE_TIME,CITY,START_TIME,END_TIME,RESERVED_SEATS) values ('SC048','에이리언:로물루스','ITN','신촌',2,22,8,'서울특별시 서대문구 신촌로 129','2024/10/14 00:00:00','2024/10/04 01:37:38',null,'서울','2024/10/14 13:00:00','2024/10/14 15:00:00',null);
Insert into ITN2024.SCREENING_TB (SCID,TITLE,CINEMA,BRANCH,THEATER,SEATS,REMAIN_SEATS,ADDRESS,SHOWING_TIME,INSERT_TIME,UPDATE_TIME,CITY,START_TIME,END_TIME,RESERVED_SEATS) values ('SC050','사랑의 하츄핑','ITN','신촌',3,38,38,'서울특별시 서대문구 신촌로 129','2024/10/14 00:00:00','2024/10/04 01:37:48',null,'서울','2024/10/14 13:00:00','2024/10/14 15:00:00',null);
Insert into ITN2024.SCREENING_TB (SCID,TITLE,CINEMA,BRANCH,THEATER,SEATS,REMAIN_SEATS,ADDRESS,SHOWING_TIME,INSERT_TIME,UPDATE_TIME,CITY,START_TIME,END_TIME,RESERVED_SEATS) values ('SC052','로봇 드림','ITN','신촌',1,32,32,'서울특별시 서대문구 신촌로 129','2024/10/14 00:00:00','2024/10/04 01:38:08',null,'서울','2024/10/14 16:00:00','2024/10/14 18:00:00',null);
Insert into ITN2024.SCREENING_TB (SCID,TITLE,CINEMA,BRANCH,THEATER,SEATS,REMAIN_SEATS,ADDRESS,SHOWING_TIME,INSERT_TIME,UPDATE_TIME,CITY,START_TIME,END_TIME,RESERVED_SEATS) values ('SC053','빈 국립 오페라 : 투란도트','ITN','신촌',2,22,22,'서울특별시 서대문구 신촌로 129','2024/10/14 00:00:00','2024/10/04 01:38:13',null,'서울','2024/10/14 16:00:00','2024/10/14 18:00:00',null);
Insert into ITN2024.SCREENING_TB (SCID,TITLE,CINEMA,BRANCH,THEATER,SEATS,REMAIN_SEATS,ADDRESS,SHOWING_TIME,INSERT_TIME,UPDATE_TIME,CITY,START_TIME,END_TIME,RESERVED_SEATS) values ('SC054','대도시의 사랑법','ITN','신촌',3,38,38,'서울특별시 서대문구 신촌로 129','2024/10/14 00:00:00','2024/10/04 01:38:19',null,'서울','2024/10/14 16:00:00','2024/10/14 18:00:00',null);
Insert into ITN2024.SCREENING_TB (SCID,TITLE,CINEMA,BRANCH,THEATER,SEATS,REMAIN_SEATS,ADDRESS,SHOWING_TIME,INSERT_TIME,UPDATE_TIME,CITY,START_TIME,END_TIME,RESERVED_SEATS) values ('SC056','베테랑2','ITN','신촌',1,32,32,'서울특별시 서대문구 신촌로 129','2024/10/14 00:00:00','2024/10/04 01:38:37',null,'서울','2024/10/14 19:00:00','2024/10/14 21:00:00',null);
Insert into ITN2024.SCREENING_TB (SCID,TITLE,CINEMA,BRANCH,THEATER,SEATS,REMAIN_SEATS,ADDRESS,SHOWING_TIME,INSERT_TIME,UPDATE_TIME,CITY,START_TIME,END_TIME,RESERVED_SEATS) values ('SC057','룩백','ITN','신촌',2,22,22,'서울특별시 서대문구 신촌로 129','2024/10/14 00:00:00','2024/10/04 01:38:46',null,'서울','2024/10/14 19:00:00','2024/10/14 21:00:00',null);
Insert into ITN2024.SCREENING_TB (SCID,TITLE,CINEMA,BRANCH,THEATER,SEATS,REMAIN_SEATS,ADDRESS,SHOWING_TIME,INSERT_TIME,UPDATE_TIME,CITY,START_TIME,END_TIME,RESERVED_SEATS) values ('SC059','트랜스포머 one  ','ITN','신촌',3,38,38,'서울특별시 서대문구 신촌로 129','2024/10/14 00:00:00','2024/10/04 01:38:54',null,'서울','2024/10/14 19:00:00','2024/10/14 21:00:00',null);
Insert into ITN2024.SCREENING_TB (SCID,TITLE,CINEMA,BRANCH,THEATER,SEATS,REMAIN_SEATS,ADDRESS,SHOWING_TIME,INSERT_TIME,UPDATE_TIME,CITY,START_TIME,END_TIME,RESERVED_SEATS) values ('SC073','비틀쥬스 비틀쥬스','ITN','동래',1,32,32,'부산광역시 동래구 중앙대로 1523','2024/10/14 00:00:00','2024/10/04 01:42:59',null,'부산','2024/10/14 16:00:00','2024/10/14 18:00:00',null);
Insert into ITN2024.SCREENING_TB (SCID,TITLE,CINEMA,BRANCH,THEATER,SEATS,REMAIN_SEATS,ADDRESS,SHOWING_TIME,INSERT_TIME,UPDATE_TIME,CITY,START_TIME,END_TIME,RESERVED_SEATS) values ('SC074','비틀쥬스 비틀쥬스','ITN','판교',1,32,32,'경기도 성남시 분당구 판교역로146번길 20 까르띠에 현대백화점 판교점 5층','2024/10/14 00:00:00','2024/10/04 01:43:04','2024/10/14 00/30/37','서울','2024/10/14 07:00:00','2024/10/14 09:00:00',null);
Insert into ITN2024.SCREENING_TB (SCID,TITLE,CINEMA,BRANCH,THEATER,SEATS,REMAIN_SEATS,ADDRESS,SHOWING_TIME,INSERT_TIME,UPDATE_TIME,CITY,START_TIME,END_TIME,RESERVED_SEATS) values ('SC076','새벽의 모든','ITN','판교',2,22,22,'경기도 성남시 분당구 판교역로146번길 20 까르띠에 현대백화점 판교점 5층','2024/10/14 00:00:00','2024/10/04 01:43:13','2024/10/14 01/26/37','서울','2024/10/14 07:00:00','2024/10/14 09:00:00',null);
Insert into ITN2024.SCREENING_TB (SCID,TITLE,CINEMA,BRANCH,THEATER,SEATS,REMAIN_SEATS,ADDRESS,SHOWING_TIME,INSERT_TIME,UPDATE_TIME,CITY,START_TIME,END_TIME,RESERVED_SEATS) values ('SC078','원스','ITN','판교',3,38,38,'경기도 성남시 분당구 판교역로146번길 20 까르띠에 현대백화점 판교점 5층','2024/10/14 00:00:00','2024/10/04 01:43:23',null,'서울','2024/10/14 07:00:00','2024/10/14 09:00:00',null);
Insert into ITN2024.SCREENING_TB (SCID,TITLE,CINEMA,BRANCH,THEATER,SEATS,REMAIN_SEATS,ADDRESS,SHOWING_TIME,INSERT_TIME,UPDATE_TIME,CITY,START_TIME,END_TIME,RESERVED_SEATS) values ('SC080','기븐_히이라기 믹스','ITN','판교',1,32,32,'경기도 성남시 분당구 판교역로146번길 20 까르띠에 현대백화점 판교점 5층','2024/10/14 00:00:00','2024/10/04 01:43:40',null,'서울','2024/10/14 10:00:00','2024/10/14 12:00:00',null);
Insert into ITN2024.SCREENING_TB (SCID,TITLE,CINEMA,BRANCH,THEATER,SEATS,REMAIN_SEATS,ADDRESS,SHOWING_TIME,INSERT_TIME,UPDATE_TIME,CITY,START_TIME,END_TIME,RESERVED_SEATS) values ('SC083','소년시절의 너','ITN','판교',2,22,22,'경기도 성남시 분당구 판교역로146번길 20 까르띠에 현대백화점 판교점 5층','2024/10/14 00:00:00','2024/10/04 01:43:49',null,'서울','2024/10/14 10:00:00','2024/10/14 12:00:00',null);
Insert into ITN2024.SCREENING_TB (SCID,TITLE,CINEMA,BRANCH,THEATER,SEATS,REMAIN_SEATS,ADDRESS,SHOWING_TIME,INSERT_TIME,UPDATE_TIME,CITY,START_TIME,END_TIME,RESERVED_SEATS) values ('SC075','와일드 로봇 ','ITN','동래',2,22,22,'부산광역시 동래구 중앙대로 1523','2024/10/14 00:00:00','2024/10/04 01:43:08',null,'부산','2024/10/14 16:00:00','2024/10/14 18:00:00',null);
Insert into ITN2024.SCREENING_TB (SCID,TITLE,CINEMA,BRANCH,THEATER,SEATS,REMAIN_SEATS,ADDRESS,SHOWING_TIME,INSERT_TIME,UPDATE_TIME,CITY,START_TIME,END_TIME,RESERVED_SEATS) values ('SC077','보통의 가족','ITN','동래',3,38,38,'부산광역시 동래구 중앙대로 1523','2024/10/14 00:00:00','2024/10/04 01:43:14',null,'부산','2024/10/14 16:00:00','2024/10/14 18:00:00',null);
Insert into ITN2024.SCREENING_TB (SCID,TITLE,CINEMA,BRANCH,THEATER,SEATS,REMAIN_SEATS,ADDRESS,SHOWING_TIME,INSERT_TIME,UPDATE_TIME,CITY,START_TIME,END_TIME,RESERVED_SEATS) values ('SC079','안녕, 할부지','ITN','동래',1,32,32,'부산광역시 동래구 중앙대로 1523','2024/10/14 00:00:00','2024/10/04 01:43:35',null,'부산','2024/10/14 19:00:00','2024/10/14 21:00:00',null);
Insert into ITN2024.SCREENING_TB (SCID,TITLE,CINEMA,BRANCH,THEATER,SEATS,REMAIN_SEATS,ADDRESS,SHOWING_TIME,INSERT_TIME,UPDATE_TIME,CITY,START_TIME,END_TIME,RESERVED_SEATS) values ('SC081','사랑의 하츄핑','ITN','동래',2,22,22,'부산광역시 동래구 중앙대로 1523','2024/10/14 00:00:00','2024/10/04 01:43:41',null,'부산','2024/10/14 19:00:00','2024/10/14 21:00:00',null);
Insert into ITN2024.SCREENING_TB (SCID,TITLE,CINEMA,BRANCH,THEATER,SEATS,REMAIN_SEATS,ADDRESS,SHOWING_TIME,INSERT_TIME,UPDATE_TIME,CITY,START_TIME,END_TIME,RESERVED_SEATS) values ('SC082','기븐_히이라기 믹스','ITN','동래',3,38,38,'부산광역시 동래구 중앙대로 1523','2024/10/14 00:00:00','2024/10/04 01:43:47',null,'부산','2024/10/14 19:00:00','2024/10/14 21:00:00',null);
Insert into ITN2024.SCREENING_TB (SCID,TITLE,CINEMA,BRANCH,THEATER,SEATS,REMAIN_SEATS,ADDRESS,SHOWING_TIME,INSERT_TIME,UPDATE_TIME,CITY,START_TIME,END_TIME,RESERVED_SEATS) values ('SC084','타인의 삶','ITN','판교',3,38,38,'경기도 성남시 분당구 판교역로146번길 20 까르띠에 현대백화점 판교점 5층','2024/10/14 00:00:00','2024/10/04 01:44:27',null,'서울','2024/10/14 10:00:00','2024/10/14 12:00:00',null);
Insert into ITN2024.SCREENING_TB (SCID,TITLE,CINEMA,BRANCH,THEATER,SEATS,REMAIN_SEATS,ADDRESS,SHOWING_TIME,INSERT_TIME,UPDATE_TIME,CITY,START_TIME,END_TIME,RESERVED_SEATS) values ('SC120','비틀쥬스 비틀쥬스','ITN','영종',3,38,38,'인천광역시 중구 영종대로 184 예스타워 7층','2024/10/14 00:00:00','2024/10/04 01:56:13',null,'인천','2024/10/14 16:00:00','2024/10/14 18:00:00',null);
Insert into ITN2024.SCREENING_TB (SCID,TITLE,CINEMA,BRANCH,THEATER,SEATS,REMAIN_SEATS,ADDRESS,SHOWING_TIME,INSERT_TIME,UPDATE_TIME,CITY,START_TIME,END_TIME,RESERVED_SEATS) values ('SC121','새벽의 모든','ITN','영종',1,32,32,'인천광역시 중구 영종대로 184 예스타워 7층','2024/10/14 00:00:00','2024/10/04 01:56:25',null,'인천','2024/10/14 19:00:00','2024/10/14 21:00:00',null);
Insert into ITN2024.SCREENING_TB (SCID,TITLE,CINEMA,BRANCH,THEATER,SEATS,REMAIN_SEATS,ADDRESS,SHOWING_TIME,INSERT_TIME,UPDATE_TIME,CITY,START_TIME,END_TIME,RESERVED_SEATS) values ('SC122','원스','ITN','영종',2,22,20,'인천광역시 중구 영종대로 184 예스타워 7층','2024/10/14 00:00:00','2024/10/04 01:56:31',null,'인천','2024/10/14 19:00:00','2024/10/14 21:00:00',null);
Insert into ITN2024.SCREENING_TB (SCID,TITLE,CINEMA,BRANCH,THEATER,SEATS,REMAIN_SEATS,ADDRESS,SHOWING_TIME,INSERT_TIME,UPDATE_TIME,CITY,START_TIME,END_TIME,RESERVED_SEATS) values ('SC123','기븐_히이라기 믹스','ITN','영종',3,38,38,'인천광역시 중구 영종대로 184 예스타워 7층','2024/10/14 00:00:00','2024/10/04 01:56:36',null,'인천','2024/10/14 19:00:00','2024/10/14 21:00:00',null);
Insert into ITN2024.SCREENING_TB (SCID,TITLE,CINEMA,BRANCH,THEATER,SEATS,REMAIN_SEATS,ADDRESS,SHOWING_TIME,INSERT_TIME,UPDATE_TIME,CITY,START_TIME,END_TIME,RESERVED_SEATS) values ('SC124','보통의 가족','ITN','논현',1,32,32,'인천광역시 남동구 논현로26번길 34','2024/10/14 00:00:00','2024/10/04 01:58:40',null,'인천','2024/10/14 07:00:00','2024/10/14 09:00:00',null);
Insert into ITN2024.SCREENING_TB (SCID,TITLE,CINEMA,BRANCH,THEATER,SEATS,REMAIN_SEATS,ADDRESS,SHOWING_TIME,INSERT_TIME,UPDATE_TIME,CITY,START_TIME,END_TIME,RESERVED_SEATS) values ('SC125','노트북','ITN','논현',2,22,22,'인천광역시 남동구 논현로26번길 34','2024/10/14 00:00:00','2024/10/04 01:58:46',null,'인천','2024/10/14 07:00:00','2024/10/14 09:00:00',null);
Insert into ITN2024.SCREENING_TB (SCID,TITLE,CINEMA,BRANCH,THEATER,SEATS,REMAIN_SEATS,ADDRESS,SHOWING_TIME,INSERT_TIME,UPDATE_TIME,CITY,START_TIME,END_TIME,RESERVED_SEATS) values ('SC126','타인의 삶','ITN','논현',3,38,38,'인천광역시 남동구 논현로26번길 34','2024/10/14 00:00:00','2024/10/04 01:58:51',null,'인천','2024/10/14 07:00:00','2024/10/14 09:00:00',null);
Insert into ITN2024.SCREENING_TB (SCID,TITLE,CINEMA,BRANCH,THEATER,SEATS,REMAIN_SEATS,ADDRESS,SHOWING_TIME,INSERT_TIME,UPDATE_TIME,CITY,START_TIME,END_TIME,RESERVED_SEATS) values ('SC127','원스','ITN','논현',1,32,32,'인천광역시 남동구 논현로26번길 34','2024/10/14 00:00:00','2024/10/04 01:59:09',null,'인천','2024/10/14 10:00:00','2024/10/14 12:00:00',null);
Insert into ITN2024.SCREENING_TB (SCID,TITLE,CINEMA,BRANCH,THEATER,SEATS,REMAIN_SEATS,ADDRESS,SHOWING_TIME,INSERT_TIME,UPDATE_TIME,CITY,START_TIME,END_TIME,RESERVED_SEATS) values ('SC128','사랑의 하츄핑','ITN','논현',2,22,22,'인천광역시 남동구 논현로26번길 34','2024/10/14 00:00:00','2024/10/04 01:59:15',null,'인천','2024/10/14 10:00:00','2024/10/14 12:00:00',null);
Insert into ITN2024.SCREENING_TB (SCID,TITLE,CINEMA,BRANCH,THEATER,SEATS,REMAIN_SEATS,ADDRESS,SHOWING_TIME,INSERT_TIME,UPDATE_TIME,CITY,START_TIME,END_TIME,RESERVED_SEATS) values ('SC129','안녕, 할부지','ITN','논현',3,38,38,'인천광역시 남동구 논현로26번길 34','2024/10/14 00:00:00','2024/10/04 01:59:25',null,'인천','2024/10/14 10:00:00','2024/10/14 12:00:00',null);
Insert into ITN2024.SCREENING_TB (SCID,TITLE,CINEMA,BRANCH,THEATER,SEATS,REMAIN_SEATS,ADDRESS,SHOWING_TIME,INSERT_TIME,UPDATE_TIME,CITY,START_TIME,END_TIME,RESERVED_SEATS) values ('SC130','트랜스포머 one  ','ITN','논현',1,32,32,'인천광역시 남동구 논현로26번길 34','2024/10/14 00:00:00','2024/10/04 01:59:43',null,'인천','2024/10/14 13:00:00','2024/10/14 15:00:00',null);
Insert into ITN2024.SCREENING_TB (SCID,TITLE,CINEMA,BRANCH,THEATER,SEATS,REMAIN_SEATS,ADDRESS,SHOWING_TIME,INSERT_TIME,UPDATE_TIME,CITY,START_TIME,END_TIME,RESERVED_SEATS) values ('SC131','기븐_히이라기 믹스','ITN','논현',2,22,22,'인천광역시 남동구 논현로26번길 34','2024/10/14 00:00:00','2024/10/04 01:59:48',null,'인천','2024/10/14 13:00:00','2024/10/14 15:00:00',null);
Insert into ITN2024.SCREENING_TB (SCID,TITLE,CINEMA,BRANCH,THEATER,SEATS,REMAIN_SEATS,ADDRESS,SHOWING_TIME,INSERT_TIME,UPDATE_TIME,CITY,START_TIME,END_TIME,RESERVED_SEATS) values ('SC132','소년시절의 너','ITN','논현',3,38,38,'인천광역시 남동구 논현로26번길 34','2024/10/14 00:00:00','2024/10/04 01:59:52',null,'인천','2024/10/14 13:00:00','2024/10/14 15:00:00',null);
Insert into ITN2024.SCREENING_TB (SCID,TITLE,CINEMA,BRANCH,THEATER,SEATS,REMAIN_SEATS,ADDRESS,SHOWING_TIME,INSERT_TIME,UPDATE_TIME,CITY,START_TIME,END_TIME,RESERVED_SEATS) values ('SC133','비틀쥬스 비틀쥬스','ITN','논현',1,32,32,'인천광역시 남동구 논현로26번길 34','2024/10/14 00:00:00','2024/10/04 02:00:15',null,'인천','2024/10/14 16:00:00','2024/10/14 18:00:00',null);
Insert into ITN2024.SCREENING_TB (SCID,TITLE,CINEMA,BRANCH,THEATER,SEATS,REMAIN_SEATS,ADDRESS,SHOWING_TIME,INSERT_TIME,UPDATE_TIME,CITY,START_TIME,END_TIME,RESERVED_SEATS) values ('SC134','와일드 로봇 ','ITN','논현',2,22,22,'인천광역시 남동구 논현로26번길 34','2024/10/14 00:00:00','2024/10/04 02:00:20',null,'인천','2024/10/14 16:00:00','2024/10/14 18:00:00',null);
Insert into ITN2024.SCREENING_TB (SCID,TITLE,CINEMA,BRANCH,THEATER,SEATS,REMAIN_SEATS,ADDRESS,SHOWING_TIME,INSERT_TIME,UPDATE_TIME,CITY,START_TIME,END_TIME,RESERVED_SEATS) values ('SC135','에이리언:로물루스','ITN','논현',3,38,38,'인천광역시 남동구 논현로26번길 34','2024/10/14 00:00:00','2024/10/04 02:00:25',null,'인천','2024/10/14 16:00:00','2024/10/14 18:00:00',null);
Insert into ITN2024.SCREENING_TB (SCID,TITLE,CINEMA,BRANCH,THEATER,SEATS,REMAIN_SEATS,ADDRESS,SHOWING_TIME,INSERT_TIME,UPDATE_TIME,CITY,START_TIME,END_TIME,RESERVED_SEATS) values ('SC136','조커: 폴리 아 되','ITN','논현',1,32,32,'인천광역시 남동구 논현로26번길 34','2024/10/14 00:00:00','2024/10/04 02:00:41',null,'인천','2024/10/14 19:00:00','2024/10/14 21:00:00',null);
Insert into ITN2024.SCREENING_TB (SCID,TITLE,CINEMA,BRANCH,THEATER,SEATS,REMAIN_SEATS,ADDRESS,SHOWING_TIME,INSERT_TIME,UPDATE_TIME,CITY,START_TIME,END_TIME,RESERVED_SEATS) values ('SC137','비긴 어게인','ITN','논현',2,22,22,'인천광역시 남동구 논현로26번길 34','2024/10/14 00:00:00','2024/10/04 02:00:44',null,'인천','2024/10/14 19:00:00','2024/10/14 21:00:00',null);
Insert into ITN2024.SCREENING_TB (SCID,TITLE,CINEMA,BRANCH,THEATER,SEATS,REMAIN_SEATS,ADDRESS,SHOWING_TIME,INSERT_TIME,UPDATE_TIME,CITY,START_TIME,END_TIME,RESERVED_SEATS) values ('SC138','새벽의 모든','ITN','논현',3,38,38,'인천광역시 남동구 논현로26번길 34','2024/10/14 00:00:00','2024/10/04 02:00:51',null,'인천','2024/10/14 19:00:00','2024/10/14 21:00:00',null);
Insert into ITN2024.SCREENING_TB (SCID,TITLE,CINEMA,BRANCH,THEATER,SEATS,REMAIN_SEATS,ADDRESS,SHOWING_TIME,INSERT_TIME,UPDATE_TIME,CITY,START_TIME,END_TIME,RESERVED_SEATS) values ('SC141','룩백','ITN','강남',1,32,32,'서울특별시 강남구 강남대로 438 스타플렉스 4층~8층','2024/10/07 00:00:00','2024/10/07 00:58:17',null,'서울','2024/10/07 00:00:00','2024/10/07 02:00:00',null);
Insert into ITN2024.SCREENING_TB (SCID,TITLE,CINEMA,BRANCH,THEATER,SEATS,REMAIN_SEATS,ADDRESS,SHOWING_TIME,INSERT_TIME,UPDATE_TIME,CITY,START_TIME,END_TIME,RESERVED_SEATS) values ('SC142','타인의 삶','ITN','강남',1,32,32,'서울특별시 강남구 강남대로 438 스타플렉스 4층~8층','2024/10/07 00:00:00','2024/10/07 00:58:26',null,'서울','2024/10/07 00:00:00','2024/10/07 02:00:00',null);
Insert into ITN2024.SCREENING_TB (SCID,TITLE,CINEMA,BRANCH,THEATER,SEATS,REMAIN_SEATS,ADDRESS,SHOWING_TIME,INSERT_TIME,UPDATE_TIME,CITY,START_TIME,END_TIME,RESERVED_SEATS) values ('SC143','노트북','ITN','강남',1,32,32,'서울특별시 강남구 강남대로 438 스타플렉스 4층~8층','2024/10/07 00:00:00','2024/10/07 00:58:32',null,'서울','2024/10/07 00:00:00','2024/10/07 02:00:00',null);
Insert into ITN2024.SCREENING_TB (SCID,TITLE,CINEMA,BRANCH,THEATER,SEATS,REMAIN_SEATS,ADDRESS,SHOWING_TIME,INSERT_TIME,UPDATE_TIME,CITY,START_TIME,END_TIME,RESERVED_SEATS) values ('SC144','에이리언:로물루스','ITN','강남',1,32,32,'서울특별시 강남구 강남대로 438 스타플렉스 4층~8층','2024/10/07 00:00:00','2024/10/07 00:58:36',null,'서울','2024/10/07 00:00:00','2024/10/07 02:00:00',null);
Insert into ITN2024.SCREENING_TB (SCID,TITLE,CINEMA,BRANCH,THEATER,SEATS,REMAIN_SEATS,ADDRESS,SHOWING_TIME,INSERT_TIME,UPDATE_TIME,CITY,START_TIME,END_TIME,RESERVED_SEATS) values ('SC161','조커: 폴리 아 되','ITN','판교',3,38,38,'경기도 성남시 분당구 판교역로146번길 20 까르띠에 현대백화점 판교점 5층','2024/10/14 00:00:00','2024/10/08 06:57:41',null,'서울','2024/10/14 00:00:00','2024/10/14 03:00:00',null);
Insert into ITN2024.SCREENING_TB (SCID,TITLE,CINEMA,BRANCH,THEATER,SEATS,REMAIN_SEATS,ADDRESS,SHOWING_TIME,INSERT_TIME,UPDATE_TIME,CITY,START_TIME,END_TIME,RESERVED_SEATS) values ('SC181','사랑의 하츄핑','ITN','강남',1,32,32,'서울특별시 강남구 강남대로 438 스타플렉스 4층~8층','2024/10/08 00:00:00','2024/10/08 09:25:44',null,'서울','2024/10/08 00:00:00','2024/10/08 04:00:00',null);
Insert into ITN2024.SCREENING_TB (SCID,TITLE,CINEMA,BRANCH,THEATER,SEATS,REMAIN_SEATS,ADDRESS,SHOWING_TIME,INSERT_TIME,UPDATE_TIME,CITY,START_TIME,END_TIME,RESERVED_SEATS) values ('SC085','에이리언:로물루스','ITN','판교',1,32,32,'경기도 성남시 분당구 판교역로146번길 20 까르띠에 현대백화점 판교점 5층','2024/10/14 00:00:00','2024/10/04 01:44:44',null,'서울','2024/10/14 13:00:00','2024/10/14 15:00:00',null);
Insert into ITN2024.SCREENING_TB (SCID,TITLE,CINEMA,BRANCH,THEATER,SEATS,REMAIN_SEATS,ADDRESS,SHOWING_TIME,INSERT_TIME,UPDATE_TIME,CITY,START_TIME,END_TIME,RESERVED_SEATS) values ('SC086','사랑의 하츄핑','ITN','판교',2,22,22,'경기도 성남시 분당구 판교역로146번길 20 까르띠에 현대백화점 판교점 5층','2024/10/14 00:00:00','2024/10/04 01:44:50',null,'서울','2024/10/14 13:00:00','2024/10/14 15:00:00',null);
Insert into ITN2024.SCREENING_TB (SCID,TITLE,CINEMA,BRANCH,THEATER,SEATS,REMAIN_SEATS,ADDRESS,SHOWING_TIME,INSERT_TIME,UPDATE_TIME,CITY,START_TIME,END_TIME,RESERVED_SEATS) values ('SC087','로봇 드림','ITN','판교',3,38,38,'경기도 성남시 분당구 판교역로146번길 20 까르띠에 현대백화점 판교점 5층','2024/10/14 00:00:00','2024/10/04 01:44:57',null,'서울','2024/10/14 13:00:00','2024/10/14 15:00:00',null);
Insert into ITN2024.SCREENING_TB (SCID,TITLE,CINEMA,BRANCH,THEATER,SEATS,REMAIN_SEATS,ADDRESS,SHOWING_TIME,INSERT_TIME,UPDATE_TIME,CITY,START_TIME,END_TIME,RESERVED_SEATS) values ('SC088','빈 국립 오페라 : 투란도트','ITN','판교',1,32,32,'경기도 성남시 분당구 판교역로146번길 20 까르띠에 현대백화점 판교점 5층','2024/10/14 00:00:00','2024/10/04 01:45:27',null,'서울','2024/10/14 16:00:00','2024/10/14 18:00:00',null);
Insert into ITN2024.SCREENING_TB (SCID,TITLE,CINEMA,BRANCH,THEATER,SEATS,REMAIN_SEATS,ADDRESS,SHOWING_TIME,INSERT_TIME,UPDATE_TIME,CITY,START_TIME,END_TIME,RESERVED_SEATS) values ('SC089','대도시의 사랑법','ITN','판교',2,22,22,'경기도 성남시 분당구 판교역로146번길 20 까르띠에 현대백화점 판교점 5층','2024/10/14 00:00:00','2024/10/04 01:45:35',null,'서울','2024/10/14 16:00:00','2024/10/14 18:00:00',null);
Insert into ITN2024.SCREENING_TB (SCID,TITLE,CINEMA,BRANCH,THEATER,SEATS,REMAIN_SEATS,ADDRESS,SHOWING_TIME,INSERT_TIME,UPDATE_TIME,CITY,START_TIME,END_TIME,RESERVED_SEATS) values ('SC090','베테랑2','ITN','판교',3,38,38,'경기도 성남시 분당구 판교역로146번길 20 까르띠에 현대백화점 판교점 5층','2024/10/14 00:00:00','2024/10/04 01:45:42',null,'서울','2024/10/14 16:00:00','2024/10/14 18:00:00',null);
Insert into ITN2024.SCREENING_TB (SCID,TITLE,CINEMA,BRANCH,THEATER,SEATS,REMAIN_SEATS,ADDRESS,SHOWING_TIME,INSERT_TIME,UPDATE_TIME,CITY,START_TIME,END_TIME,RESERVED_SEATS) values ('SC091','룩백','ITN','판교',1,32,32,'경기도 성남시 분당구 판교역로146번길 20 까르띠에 현대백화점 판교점 5층','2024/10/14 00:00:00','2024/10/04 01:45:57',null,'서울','2024/10/14 19:00:00','2024/10/14 21:00:00',null);
Insert into ITN2024.SCREENING_TB (SCID,TITLE,CINEMA,BRANCH,THEATER,SEATS,REMAIN_SEATS,ADDRESS,SHOWING_TIME,INSERT_TIME,UPDATE_TIME,CITY,START_TIME,END_TIME,RESERVED_SEATS) values ('SC092','트랜스포머 one  ','ITN','판교',2,22,22,'경기도 성남시 분당구 판교역로146번길 20 까르띠에 현대백화점 판교점 5층','2024/10/14 00:00:00','2024/10/04 01:46:06',null,'서울','2024/10/14 19:00:00','2024/10/14 21:00:00',null);
Insert into ITN2024.SCREENING_TB (SCID,TITLE,CINEMA,BRANCH,THEATER,SEATS,REMAIN_SEATS,ADDRESS,SHOWING_TIME,INSERT_TIME,UPDATE_TIME,CITY,START_TIME,END_TIME,RESERVED_SEATS) values ('SC093','와일드 로봇 ','ITN','판교',3,38,38,'경기도 성남시 분당구 판교역로146번길 20 까르띠에 현대백화점 판교점 5층','2024/10/14 00:00:00','2024/10/04 01:46:11',null,'서울','2024/10/14 19:00:00','2024/10/14 21:00:00',null);
Insert into ITN2024.SCREENING_TB (SCID,TITLE,CINEMA,BRANCH,THEATER,SEATS,REMAIN_SEATS,ADDRESS,SHOWING_TIME,INSERT_TIME,UPDATE_TIME,CITY,START_TIME,END_TIME,RESERVED_SEATS) values ('SC094','에이리언:로물루스','ITN','송도',1,32,32,'인천광역시 연수구 A동 하모니로 158 지하 1층','2024/10/14 00:00:00','2024/10/04 01:49:44',null,'인천','2024/10/14 07:00:00','2024/10/14 09:00:00',null);
Insert into ITN2024.SCREENING_TB (SCID,TITLE,CINEMA,BRANCH,THEATER,SEATS,REMAIN_SEATS,ADDRESS,SHOWING_TIME,INSERT_TIME,UPDATE_TIME,CITY,START_TIME,END_TIME,RESERVED_SEATS) values ('SC095','사랑의 하츄핑','ITN','송도',2,22,22,'인천광역시 연수구 A동 하모니로 158 지하 1층','2024/10/14 00:00:00','2024/10/04 01:49:53',null,'인천','2024/10/14 07:00:00','2024/10/14 09:00:00',null);
Insert into ITN2024.SCREENING_TB (SCID,TITLE,CINEMA,BRANCH,THEATER,SEATS,REMAIN_SEATS,ADDRESS,SHOWING_TIME,INSERT_TIME,UPDATE_TIME,CITY,START_TIME,END_TIME,RESERVED_SEATS) values ('SC096','로봇 드림','ITN','송도',3,38,38,'인천광역시 연수구 A동 하모니로 158 지하 1층','2024/10/14 00:00:00','2024/10/04 01:49:58',null,'인천','2024/10/14 07:00:00','2024/10/14 09:00:00',null);
Insert into ITN2024.SCREENING_TB (SCID,TITLE,CINEMA,BRANCH,THEATER,SEATS,REMAIN_SEATS,ADDRESS,SHOWING_TIME,INSERT_TIME,UPDATE_TIME,CITY,START_TIME,END_TIME,RESERVED_SEATS) values ('SC097','빈 국립 오페라 : 투란도트','ITN','송도',1,32,32,'인천광역시 연수구 A동 하모니로 158 지하 1층','2024/10/14 00:00:00','2024/10/04 01:50:11',null,'인천','2024/10/14 10:00:00','2024/10/14 12:00:00',null);
Insert into ITN2024.SCREENING_TB (SCID,TITLE,CINEMA,BRANCH,THEATER,SEATS,REMAIN_SEATS,ADDRESS,SHOWING_TIME,INSERT_TIME,UPDATE_TIME,CITY,START_TIME,END_TIME,RESERVED_SEATS) values ('SC098','대도시의 사랑법','ITN','송도',2,22,22,'인천광역시 연수구 A동 하모니로 158 지하 1층','2024/10/14 00:00:00','2024/10/04 01:50:16',null,'인천','2024/10/14 10:00:00','2024/10/14 12:00:00',null);
Insert into ITN2024.SCREENING_TB (SCID,TITLE,CINEMA,BRANCH,THEATER,SEATS,REMAIN_SEATS,ADDRESS,SHOWING_TIME,INSERT_TIME,UPDATE_TIME,CITY,START_TIME,END_TIME,RESERVED_SEATS) values ('SC099','베테랑2','ITN','송도',3,38,38,'인천광역시 연수구 A동 하모니로 158 지하 1층','2024/10/14 00:00:00','2024/10/04 01:50:14',null,'인천','2024/10/14 10:00:00','2024/10/14 12:00:00',null);
Insert into ITN2024.SCREENING_TB (SCID,TITLE,CINEMA,BRANCH,THEATER,SEATS,REMAIN_SEATS,ADDRESS,SHOWING_TIME,INSERT_TIME,UPDATE_TIME,CITY,START_TIME,END_TIME,RESERVED_SEATS) values ('SC100','룩백','ITN','송도',1,32,32,'인천광역시 연수구 A동 하모니로 158 지하 1층','2024/10/14 00:00:00','2024/10/04 01:50:36',null,'인천','2024/10/14 13:00:00','2024/10/14 15:00:00',null);
Insert into ITN2024.SCREENING_TB (SCID,TITLE,CINEMA,BRANCH,THEATER,SEATS,REMAIN_SEATS,ADDRESS,SHOWING_TIME,INSERT_TIME,UPDATE_TIME,CITY,START_TIME,END_TIME,RESERVED_SEATS) values ('SC101','트랜스포머 one  ','ITN','송도',2,22,22,'인천광역시 연수구 A동 하모니로 158 지하 1층','2024/10/14 00:00:00','2024/10/04 01:50:48',null,'인천','2024/10/14 13:00:00','2024/10/14 15:00:00',null);
Insert into ITN2024.SCREENING_TB (SCID,TITLE,CINEMA,BRANCH,THEATER,SEATS,REMAIN_SEATS,ADDRESS,SHOWING_TIME,INSERT_TIME,UPDATE_TIME,CITY,START_TIME,END_TIME,RESERVED_SEATS) values ('SC102','와일드 로봇 ','ITN','송도',3,38,38,'인천광역시 연수구 A동 하모니로 158 지하 1층','2024/10/14 00:00:00','2024/10/04 01:50:54',null,'인천','2024/10/14 13:00:00','2024/10/14 15:00:00',null);
Insert into ITN2024.SCREENING_TB (SCID,TITLE,CINEMA,BRANCH,THEATER,SEATS,REMAIN_SEATS,ADDRESS,SHOWING_TIME,INSERT_TIME,UPDATE_TIME,CITY,START_TIME,END_TIME,RESERVED_SEATS) values ('SC103','안녕, 할부지','ITN','송도',1,32,32,'인천광역시 연수구 A동 하모니로 158 지하 1층','2024/10/14 00:00:00','2024/10/04 01:51:11',null,'인천','2024/10/14 16:00:00','2024/10/14 18:00:00',null);
Insert into ITN2024.SCREENING_TB (SCID,TITLE,CINEMA,BRANCH,THEATER,SEATS,REMAIN_SEATS,ADDRESS,SHOWING_TIME,INSERT_TIME,UPDATE_TIME,CITY,START_TIME,END_TIME,RESERVED_SEATS) values ('SC104','노트북','ITN','송도',2,22,22,'인천광역시 연수구 A동 하모니로 158 지하 1층','2024/10/14 00:00:00','2024/10/04 01:51:17',null,'인천','2024/10/14 16:00:00','2024/10/14 18:00:00',null);
Insert into ITN2024.SCREENING_TB (SCID,TITLE,CINEMA,BRANCH,THEATER,SEATS,REMAIN_SEATS,ADDRESS,SHOWING_TIME,INSERT_TIME,UPDATE_TIME,CITY,START_TIME,END_TIME,RESERVED_SEATS) values ('SC105','비틀쥬스 비틀쥬스','ITN','송도',3,38,38,'인천광역시 연수구 A동 하모니로 158 지하 1층','2024/10/14 00:00:00','2024/10/04 01:51:26',null,'인천','2024/10/14 16:00:00','2024/10/14 18:00:00',null);
Insert into ITN2024.SCREENING_TB (SCID,TITLE,CINEMA,BRANCH,THEATER,SEATS,REMAIN_SEATS,ADDRESS,SHOWING_TIME,INSERT_TIME,UPDATE_TIME,CITY,START_TIME,END_TIME,RESERVED_SEATS) values ('SC106','새벽의 모든','ITN','송도',1,32,32,'인천광역시 연수구 A동 하모니로 158 지하 1층','2024/10/14 00:00:00','2024/10/04 01:51:50',null,'인천','2024/10/14 19:00:00','2024/10/14 21:00:00',null);
Insert into ITN2024.SCREENING_TB (SCID,TITLE,CINEMA,BRANCH,THEATER,SEATS,REMAIN_SEATS,ADDRESS,SHOWING_TIME,INSERT_TIME,UPDATE_TIME,CITY,START_TIME,END_TIME,RESERVED_SEATS) values ('SC107','원스','ITN','송도',2,22,22,'인천광역시 연수구 A동 하모니로 158 지하 1층','2024/10/14 00:00:00','2024/10/04 01:51:57',null,'인천','2024/10/14 19:00:00','2024/10/14 21:00:00',null);
Insert into ITN2024.SCREENING_TB (SCID,TITLE,CINEMA,BRANCH,THEATER,SEATS,REMAIN_SEATS,ADDRESS,SHOWING_TIME,INSERT_TIME,UPDATE_TIME,CITY,START_TIME,END_TIME,RESERVED_SEATS) values ('SC108','기븐_히이라기 믹스','ITN','송도',3,38,38,'인천광역시 연수구 A동 하모니로 158 지하 1층','2024/10/14 00:00:00','2024/10/04 01:52:04',null,'인천','2024/10/14 19:00:00','2024/10/14 21:00:00',null);
Insert into ITN2024.SCREENING_TB (SCID,TITLE,CINEMA,BRANCH,THEATER,SEATS,REMAIN_SEATS,ADDRESS,SHOWING_TIME,INSERT_TIME,UPDATE_TIME,CITY,START_TIME,END_TIME,RESERVED_SEATS) values ('SC109','소년시절의 너','ITN','영종',1,32,32,'인천광역시 중구 영종대로 184 예스타워 7층','2024/10/14 00:00:00','2024/10/04 01:54:28',null,'인천','2024/10/14 07:00:00','2024/10/14 09:00:00',null);
Insert into ITN2024.SCREENING_TB (SCID,TITLE,CINEMA,BRANCH,THEATER,SEATS,REMAIN_SEATS,ADDRESS,SHOWING_TIME,INSERT_TIME,UPDATE_TIME,CITY,START_TIME,END_TIME,RESERVED_SEATS) values ('SC110','타인의 삶','ITN','영종',2,22,22,'인천광역시 중구 영종대로 184 예스타워 7층','2024/10/14 00:00:00','2024/10/04 01:54:37',null,'인천','2024/10/14 07:00:00','2024/10/14 09:00:00',null);
Insert into ITN2024.SCREENING_TB (SCID,TITLE,CINEMA,BRANCH,THEATER,SEATS,REMAIN_SEATS,ADDRESS,SHOWING_TIME,INSERT_TIME,UPDATE_TIME,CITY,START_TIME,END_TIME,RESERVED_SEATS) values ('SC111','조커: 폴리 아 되','ITN','영종',3,38,38,'인천광역시 중구 영종대로 184 예스타워 7층','2024/10/14 00:00:00','2024/10/04 01:54:42',null,'인천','2024/10/14 07:00:00','2024/10/14 09:00:00',null);
Insert into ITN2024.SCREENING_TB (SCID,TITLE,CINEMA,BRANCH,THEATER,SEATS,REMAIN_SEATS,ADDRESS,SHOWING_TIME,INSERT_TIME,UPDATE_TIME,CITY,START_TIME,END_TIME,RESERVED_SEATS) values ('SC112','에이리언:로물루스','ITN','영종',1,32,32,'인천광역시 중구 영종대로 184 예스타워 7층','2024/10/14 00:00:00','2024/10/04 01:54:56',null,'인천','2024/10/14 10:00:00','2024/10/14 12:00:00',null);
Insert into ITN2024.SCREENING_TB (SCID,TITLE,CINEMA,BRANCH,THEATER,SEATS,REMAIN_SEATS,ADDRESS,SHOWING_TIME,INSERT_TIME,UPDATE_TIME,CITY,START_TIME,END_TIME,RESERVED_SEATS) values ('SC113','사랑의 하츄핑','ITN','영종',2,22,22,'인천광역시 중구 영종대로 184 예스타워 7층','2024/10/14 00:00:00','2024/10/04 01:55:05',null,'인천','2024/10/14 10:00:00','2024/10/14 12:00:00',null);
Insert into ITN2024.SCREENING_TB (SCID,TITLE,CINEMA,BRANCH,THEATER,SEATS,REMAIN_SEATS,ADDRESS,SHOWING_TIME,INSERT_TIME,UPDATE_TIME,CITY,START_TIME,END_TIME,RESERVED_SEATS) values ('SC114','로봇 드림','ITN','영종',3,38,38,'인천광역시 중구 영종대로 184 예스타워 7층','2024/10/14 00:00:00','2024/10/04 01:55:13',null,'인천','2024/10/14 10:00:00','2024/10/14 12:00:00',null);
Insert into ITN2024.SCREENING_TB (SCID,TITLE,CINEMA,BRANCH,THEATER,SEATS,REMAIN_SEATS,ADDRESS,SHOWING_TIME,INSERT_TIME,UPDATE_TIME,CITY,START_TIME,END_TIME,RESERVED_SEATS) values ('SC115','빈 국립 오페라 : 투란도트','ITN','영종',1,32,32,'인천광역시 중구 영종대로 184 예스타워 7층','2024/10/14 00:00:00','2024/10/04 01:55:35','2024/10/14 03/02/09','인천','2024/10/14 13:00:00','2024/10/14 15:00:00',null);
Insert into ITN2024.SCREENING_TB (SCID,TITLE,CINEMA,BRANCH,THEATER,SEATS,REMAIN_SEATS,ADDRESS,SHOWING_TIME,INSERT_TIME,UPDATE_TIME,CITY,START_TIME,END_TIME,RESERVED_SEATS) values ('SC116','대도시의 사랑법','ITN','영종',2,22,22,'인천광역시 중구 영종대로 184 예스타워 7층','2024/10/14 00:00:00','2024/10/04 01:55:43',null,'인천','2024/10/14 13:00:00','2024/10/14 15:00:00',null);
Insert into ITN2024.SCREENING_TB (SCID,TITLE,CINEMA,BRANCH,THEATER,SEATS,REMAIN_SEATS,ADDRESS,SHOWING_TIME,INSERT_TIME,UPDATE_TIME,CITY,START_TIME,END_TIME,RESERVED_SEATS) values ('SC117','베테랑2','ITN','영종',3,38,38,'인천광역시 중구 영종대로 184 예스타워 7층','2024/10/14 00:00:00','2024/10/04 01:55:50','2024/10/14 05/02/05','인천','2024/10/14 13:00:00','2024/10/14 15:00:00',null);
Insert into ITN2024.SCREENING_TB (SCID,TITLE,CINEMA,BRANCH,THEATER,SEATS,REMAIN_SEATS,ADDRESS,SHOWING_TIME,INSERT_TIME,UPDATE_TIME,CITY,START_TIME,END_TIME,RESERVED_SEATS) values ('SC118','룩백','ITN','영종',1,32,32,'인천광역시 중구 영종대로 184 예스타워 7층','2024/10/14 00:00:00','2024/10/04 01:56:03',null,'인천','2024/10/14 16:00:00','2024/10/14 18:00:00',null);
Insert into ITN2024.SCREENING_TB (SCID,TITLE,CINEMA,BRANCH,THEATER,SEATS,REMAIN_SEATS,ADDRESS,SHOWING_TIME,INSERT_TIME,UPDATE_TIME,CITY,START_TIME,END_TIME,RESERVED_SEATS) values ('SC119','트랜스포머 one  ','ITN','영종',2,22,22,'인천광역시 중구 영종대로 184 예스타워 7층','2024/10/14 00:00:00','2024/10/04 01:56:08',null,'인천','2024/10/14 16:00:00','2024/10/14 18:00:00',null);
--------------------------------------------------------
--  DDL for Index MEMBER_TB_PK
--------------------------------------------------------

  CREATE UNIQUE INDEX "ITN2024"."MEMBER_TB_PK" ON "ITN2024"."MEMBER_TB" ("EMAIL") 
  PCTFREE 10 INITRANS 2 MAXTRANS 255 COMPUTE STATISTICS 
  STORAGE(INITIAL 65536 NEXT 1048576 MINEXTENTS 1 MAXEXTENTS 2147483645
  PCTINCREASE 0 FREELISTS 1 FREELIST GROUPS 1
  BUFFER_POOL DEFAULT FLASH_CACHE DEFAULT CELL_FLASH_CACHE DEFAULT)
  TABLESPACE "USERS" ;
--------------------------------------------------------
--  DDL for Index PRODUCT_TB_PK
--------------------------------------------------------

  CREATE UNIQUE INDEX "ITN2024"."PRODUCT_TB_PK" ON "ITN2024"."PRODUCT_TB" ("PDID") 
  PCTFREE 10 INITRANS 2 MAXTRANS 255 COMPUTE STATISTICS 
  STORAGE(INITIAL 65536 NEXT 1048576 MINEXTENTS 1 MAXEXTENTS 2147483645
  PCTINCREASE 0 FREELISTS 1 FREELIST GROUPS 1
  BUFFER_POOL DEFAULT FLASH_CACHE DEFAULT CELL_FLASH_CACHE DEFAULT)
  TABLESPACE "USERS" ;
--------------------------------------------------------
--  DDL for Index FAQ_TB_PK
--------------------------------------------------------

  CREATE UNIQUE INDEX "ITN2024"."FAQ_TB_PK" ON "ITN2024"."FAQ_TB" ("FAID") 
  PCTFREE 10 INITRANS 2 MAXTRANS 255 COMPUTE STATISTICS 
  STORAGE(INITIAL 65536 NEXT 1048576 MINEXTENTS 1 MAXEXTENTS 2147483645
  PCTINCREASE 0 FREELISTS 1 FREELIST GROUPS 1
  BUFFER_POOL DEFAULT FLASH_CACHE DEFAULT CELL_FLASH_CACHE DEFAULT)
  TABLESPACE "USERS" ;
--------------------------------------------------------
--  DDL for Index PRICE_TB_PK
--------------------------------------------------------

  CREATE UNIQUE INDEX "ITN2024"."PRICE_TB_PK" ON "ITN2024"."PRICE_TB" ("PRID") 
  PCTFREE 10 INITRANS 2 MAXTRANS 255 COMPUTE STATISTICS 
  STORAGE(INITIAL 65536 NEXT 1048576 MINEXTENTS 1 MAXEXTENTS 2147483645
  PCTINCREASE 0 FREELISTS 1 FREELIST GROUPS 1
  BUFFER_POOL DEFAULT FLASH_CACHE DEFAULT CELL_FLASH_CACHE DEFAULT)
  TABLESPACE "USERS" ;
--------------------------------------------------------
--  DDL for Index SCREENING_TB_PK
--------------------------------------------------------

  CREATE UNIQUE INDEX "ITN2024"."SCREENING_TB_PK" ON "ITN2024"."SCREENING_TB" ("SCID") 
  PCTFREE 10 INITRANS 2 MAXTRANS 255 COMPUTE STATISTICS 
  STORAGE(INITIAL 65536 NEXT 1048576 MINEXTENTS 1 MAXEXTENTS 2147483645
  PCTINCREASE 0 FREELISTS 1 FREELIST GROUPS 1
  BUFFER_POOL DEFAULT FLASH_CACHE DEFAULT CELL_FLASH_CACHE DEFAULT)
  TABLESPACE "USERS" ;
--------------------------------------------------------
--  DDL for Index PRODUCT_REVIEW_TB_PK
--------------------------------------------------------

  CREATE UNIQUE INDEX "ITN2024"."PRODUCT_REVIEW_TB_PK" ON "ITN2024"."PRODUCT_REVIEW_TB" ("PRID") 
  PCTFREE 10 INITRANS 2 MAXTRANS 255 COMPUTE STATISTICS 
  STORAGE(INITIAL 65536 NEXT 1048576 MINEXTENTS 1 MAXEXTENTS 2147483645
  PCTINCREASE 0 FREELISTS 1 FREELIST GROUPS 1
  BUFFER_POOL DEFAULT FLASH_CACHE DEFAULT CELL_FLASH_CACHE DEFAULT)
  TABLESPACE "USERS" ;
--------------------------------------------------------
--  DDL for Index BOOK_TB_PK
--------------------------------------------------------

  CREATE UNIQUE INDEX "ITN2024"."BOOK_TB_PK" ON "ITN2024"."BOOK_TB" ("BOID") 
  PCTFREE 10 INITRANS 2 MAXTRANS 255 COMPUTE STATISTICS 
  STORAGE(INITIAL 65536 NEXT 1048576 MINEXTENTS 1 MAXEXTENTS 2147483645
  PCTINCREASE 0 FREELISTS 1 FREELIST GROUPS 1
  BUFFER_POOL DEFAULT FLASH_CACHE DEFAULT CELL_FLASH_CACHE DEFAULT)
  TABLESPACE "USERS" ;
--------------------------------------------------------
--  DDL for Index EXAM_TB_PK
--------------------------------------------------------

  CREATE UNIQUE INDEX "ITN2024"."EXAM_TB_PK" ON "ITN2024"."EXAM_TB" ("UUID") 
  PCTFREE 10 INITRANS 2 MAXTRANS 255 COMPUTE STATISTICS 
  STORAGE(INITIAL 65536 NEXT 1048576 MINEXTENTS 1 MAXEXTENTS 2147483645
  PCTINCREASE 0 FREELISTS 1 FREELIST GROUPS 1
  BUFFER_POOL DEFAULT FLASH_CACHE DEFAULT CELL_FLASH_CACHE DEFAULT)
  TABLESPACE "USERS" ;
--------------------------------------------------------
--  DDL for Index INQUIRY_TB_PK
--------------------------------------------------------

  CREATE UNIQUE INDEX "ITN2024"."INQUIRY_TB_PK" ON "ITN2024"."INQUIRY_TB" ("INID") 
  PCTFREE 10 INITRANS 2 MAXTRANS 255 COMPUTE STATISTICS 
  STORAGE(INITIAL 65536 NEXT 1048576 MINEXTENTS 1 MAXEXTENTS 2147483645
  PCTINCREASE 0 FREELISTS 1 FREELIST GROUPS 1
  BUFFER_POOL DEFAULT FLASH_CACHE DEFAULT CELL_FLASH_CACHE DEFAULT)
  TABLESPACE "USERS" ;
--------------------------------------------------------
--  DDL for Index INQUIRY_ANSWER_TB_PK
--------------------------------------------------------

  CREATE UNIQUE INDEX "ITN2024"."INQUIRY_ANSWER_TB_PK" ON "ITN2024"."INQUIRY_ANSWER_TB" ("ANID") 
  PCTFREE 10 INITRANS 2 MAXTRANS 255 COMPUTE STATISTICS 
  STORAGE(INITIAL 65536 NEXT 1048576 MINEXTENTS 1 MAXEXTENTS 2147483645
  PCTINCREASE 0 FREELISTS 1 FREELIST GROUPS 1
  BUFFER_POOL DEFAULT FLASH_CACHE DEFAULT CELL_FLASH_CACHE DEFAULT)
  TABLESPACE "USERS" ;
--------------------------------------------------------
--  DDL for Index PAYMENT_TB_PK
--------------------------------------------------------

  CREATE UNIQUE INDEX "ITN2024"."PAYMENT_TB_PK" ON "ITN2024"."PAYMENT_TB" ("PAID") 
  PCTFREE 10 INITRANS 2 MAXTRANS 255 COMPUTE STATISTICS 
  STORAGE(INITIAL 65536 NEXT 1048576 MINEXTENTS 1 MAXEXTENTS 2147483645
  PCTINCREASE 0 FREELISTS 1 FREELIST GROUPS 1
  BUFFER_POOL DEFAULT FLASH_CACHE DEFAULT CELL_FLASH_CACHE DEFAULT)
  TABLESPACE "USERS" ;
--------------------------------------------------------
--  DDL for Index NOTICE_TB_PK
--------------------------------------------------------

  CREATE UNIQUE INDEX "ITN2024"."NOTICE_TB_PK" ON "ITN2024"."NOTICE_TB" ("NOID") 
  PCTFREE 10 INITRANS 2 MAXTRANS 255 COMPUTE STATISTICS 
  STORAGE(INITIAL 65536 NEXT 1048576 MINEXTENTS 1 MAXEXTENTS 2147483645
  PCTINCREASE 0 FREELISTS 1 FREELIST GROUPS 1
  BUFFER_POOL DEFAULT FLASH_CACHE DEFAULT CELL_FLASH_CACHE DEFAULT)
  TABLESPACE "USERS" ;
--------------------------------------------------------
--  DDL for Trigger PRID_AUTO_INCREMENT_TRIGGER
--------------------------------------------------------

  CREATE OR REPLACE EDITIONABLE TRIGGER "ITN2024"."PRID_AUTO_INCREMENT_TRIGGER" 
BEFORE INSERT ON PRODUCT_REVIEW_TB
FOR EACH ROW
   WHEN (NEW.PRID IS NULL) BEGIN
    SELECT PRID_SEQ.NEXTVAL
    INTO :NEW.PRID
    FROM dual;
END;



/
ALTER TRIGGER "ITN2024"."PRID_AUTO_INCREMENT_TRIGGER" ENABLE;
--------------------------------------------------------
--  Constraints for Table FAQ_TB
--------------------------------------------------------

  ALTER TABLE "ITN2024"."FAQ_TB" MODIFY ("TITLE" NOT NULL ENABLE);
  ALTER TABLE "ITN2024"."FAQ_TB" MODIFY ("CONTENTS" NOT NULL ENABLE);
  ALTER TABLE "ITN2024"."FAQ_TB" MODIFY ("INSERT_TIME" NOT NULL ENABLE);
  ALTER TABLE "ITN2024"."FAQ_TB" MODIFY ("FAID" NOT NULL ENABLE);
  ALTER TABLE "ITN2024"."FAQ_TB" ADD CONSTRAINT "FAQ_TB_PK" PRIMARY KEY ("FAID")
  USING INDEX PCTFREE 10 INITRANS 2 MAXTRANS 255 COMPUTE STATISTICS 
  STORAGE(INITIAL 65536 NEXT 1048576 MINEXTENTS 1 MAXEXTENTS 2147483645
  PCTINCREASE 0 FREELISTS 1 FREELIST GROUPS 1
  BUFFER_POOL DEFAULT FLASH_CACHE DEFAULT CELL_FLASH_CACHE DEFAULT)
  TABLESPACE "USERS"  ENABLE;
  ALTER TABLE "ITN2024"."FAQ_TB" MODIFY ("WRITER" NOT NULL ENABLE);
--------------------------------------------------------
--  Constraints for Table INQUIRY_ANSWER_TB
--------------------------------------------------------

  ALTER TABLE "ITN2024"."INQUIRY_ANSWER_TB" MODIFY ("ANID" NOT NULL ENABLE);
  ALTER TABLE "ITN2024"."INQUIRY_ANSWER_TB" MODIFY ("INID" NOT NULL ENABLE);
  ALTER TABLE "ITN2024"."INQUIRY_ANSWER_TB" MODIFY ("INSERT_TIME" NOT NULL ENABLE);
  ALTER TABLE "ITN2024"."INQUIRY_ANSWER_TB" ADD CONSTRAINT "INQUIRY_ANSWER_TB_PK" PRIMARY KEY ("ANID")
  USING INDEX PCTFREE 10 INITRANS 2 MAXTRANS 255 COMPUTE STATISTICS 
  STORAGE(INITIAL 65536 NEXT 1048576 MINEXTENTS 1 MAXEXTENTS 2147483645
  PCTINCREASE 0 FREELISTS 1 FREELIST GROUPS 1
  BUFFER_POOL DEFAULT FLASH_CACHE DEFAULT CELL_FLASH_CACHE DEFAULT)
  TABLESPACE "USERS"  ENABLE;
  ALTER TABLE "ITN2024"."INQUIRY_ANSWER_TB" MODIFY ("WRITER" NOT NULL ENABLE);
--------------------------------------------------------
--  Constraints for Table NOTICE_TB
--------------------------------------------------------

  ALTER TABLE "ITN2024"."NOTICE_TB" MODIFY ("TITLE" NOT NULL ENABLE);
  ALTER TABLE "ITN2024"."NOTICE_TB" MODIFY ("INSERT_TIME" NOT NULL ENABLE);
  ALTER TABLE "ITN2024"."NOTICE_TB" MODIFY ("NOID" NOT NULL ENABLE);
  ALTER TABLE "ITN2024"."NOTICE_TB" ADD CONSTRAINT "NOTICE_TB_PK" PRIMARY KEY ("NOID")
  USING INDEX PCTFREE 10 INITRANS 2 MAXTRANS 255 COMPUTE STATISTICS 
  STORAGE(INITIAL 65536 NEXT 1048576 MINEXTENTS 1 MAXEXTENTS 2147483645
  PCTINCREASE 0 FREELISTS 1 FREELIST GROUPS 1
  BUFFER_POOL DEFAULT FLASH_CACHE DEFAULT CELL_FLASH_CACHE DEFAULT)
  TABLESPACE "USERS"  ENABLE;
  ALTER TABLE "ITN2024"."NOTICE_TB" MODIFY ("WRITER" NOT NULL ENABLE);
--------------------------------------------------------
--  Constraints for Table PRICE_TB
--------------------------------------------------------

  ALTER TABLE "ITN2024"."PRICE_TB" MODIFY ("PRID" NOT NULL ENABLE);
  ALTER TABLE "ITN2024"."PRICE_TB" MODIFY ("CLASSIFY" NOT NULL ENABLE);
  ALTER TABLE "ITN2024"."PRICE_TB" MODIFY ("PRICE" NOT NULL ENABLE);
  ALTER TABLE "ITN2024"."PRICE_TB" MODIFY ("INSERT_TIME" NOT NULL ENABLE);
  ALTER TABLE "ITN2024"."PRICE_TB" ADD CONSTRAINT "PRICE_TB_PK" PRIMARY KEY ("PRID")
  USING INDEX PCTFREE 10 INITRANS 2 MAXTRANS 255 COMPUTE STATISTICS 
  STORAGE(INITIAL 65536 NEXT 1048576 MINEXTENTS 1 MAXEXTENTS 2147483645
  PCTINCREASE 0 FREELISTS 1 FREELIST GROUPS 1
  BUFFER_POOL DEFAULT FLASH_CACHE DEFAULT CELL_FLASH_CACHE DEFAULT)
  TABLESPACE "USERS"  ENABLE;
--------------------------------------------------------
--  Constraints for Table EXAM_TB
--------------------------------------------------------

  ALTER TABLE "ITN2024"."EXAM_TB" MODIFY ("TITLE" NOT NULL ENABLE);
  ALTER TABLE "ITN2024"."EXAM_TB" MODIFY ("UUID" NOT NULL ENABLE);
  ALTER TABLE "ITN2024"."EXAM_TB" ADD CONSTRAINT "EXAM_TB_PK" PRIMARY KEY ("UUID")
  USING INDEX PCTFREE 10 INITRANS 2 MAXTRANS 255 COMPUTE STATISTICS 
  STORAGE(INITIAL 65536 NEXT 1048576 MINEXTENTS 1 MAXEXTENTS 2147483645
  PCTINCREASE 0 FREELISTS 1 FREELIST GROUPS 1
  BUFFER_POOL DEFAULT FLASH_CACHE DEFAULT CELL_FLASH_CACHE DEFAULT)
  TABLESPACE "USERS"  ENABLE;
  ALTER TABLE "ITN2024"."EXAM_TB" MODIFY ("INSERT_TIME" NOT NULL ENABLE);
--------------------------------------------------------
--  Constraints for Table BOOK_TB
--------------------------------------------------------

  ALTER TABLE "ITN2024"."BOOK_TB" MODIFY ("BOID" NOT NULL ENABLE);
  ALTER TABLE "ITN2024"."BOOK_TB" MODIFY ("BOOK_NUM" NOT NULL ENABLE);
  ALTER TABLE "ITN2024"."BOOK_TB" MODIFY ("EMAIL" NOT NULL ENABLE);
  ALTER TABLE "ITN2024"."BOOK_TB" MODIFY ("SELECT_NUM" NOT NULL ENABLE);
  ALTER TABLE "ITN2024"."BOOK_TB" MODIFY ("SELECT_SEAT" NOT NULL ENABLE);
  ALTER TABLE "ITN2024"."BOOK_TB" MODIFY ("CHILDREN_NUM" NOT NULL ENABLE);
  ALTER TABLE "ITN2024"."BOOK_TB" MODIFY ("TEENAGER_NUM" NOT NULL ENABLE);
  ALTER TABLE "ITN2024"."BOOK_TB" MODIFY ("ADULT_NUM" NOT NULL ENABLE);
  ALTER TABLE "ITN2024"."BOOK_TB" MODIFY ("AGED_NUM" NOT NULL ENABLE);
  ALTER TABLE "ITN2024"."BOOK_TB" MODIFY ("SCID" NOT NULL ENABLE);
  ALTER TABLE "ITN2024"."BOOK_TB" MODIFY ("INSERT_TIME" NOT NULL ENABLE);
  ALTER TABLE "ITN2024"."BOOK_TB" ADD CONSTRAINT "BOOK_TB_PK" PRIMARY KEY ("BOID")
  USING INDEX PCTFREE 10 INITRANS 2 MAXTRANS 255 COMPUTE STATISTICS 
  STORAGE(INITIAL 65536 NEXT 1048576 MINEXTENTS 1 MAXEXTENTS 2147483645
  PCTINCREASE 0 FREELISTS 1 FREELIST GROUPS 1
  BUFFER_POOL DEFAULT FLASH_CACHE DEFAULT CELL_FLASH_CACHE DEFAULT)
  TABLESPACE "USERS"  ENABLE;
--------------------------------------------------------
--  Constraints for Table PAYMENT_TB
--------------------------------------------------------

  ALTER TABLE "ITN2024"."PAYMENT_TB" MODIFY ("BOOK_NUM" NOT NULL ENABLE);
  ALTER TABLE "ITN2024"."PAYMENT_TB" MODIFY ("PAID" NOT NULL ENABLE);
  ALTER TABLE "ITN2024"."PAYMENT_TB" MODIFY ("EMAIL" NOT NULL ENABLE);
  ALTER TABLE "ITN2024"."PAYMENT_TB" MODIFY ("METHOD_TYPE" NOT NULL ENABLE);
  ALTER TABLE "ITN2024"."PAYMENT_TB" MODIFY ("TOTAL_PRICE" NOT NULL ENABLE);
  ALTER TABLE "ITN2024"."PAYMENT_TB" MODIFY ("BOID" NOT NULL ENABLE);
  ALTER TABLE "ITN2024"."PAYMENT_TB" MODIFY ("INSERT_TIME" NOT NULL ENABLE);
  ALTER TABLE "ITN2024"."PAYMENT_TB" ADD CONSTRAINT "PAYMENT_TB_PK" PRIMARY KEY ("PAID")
  USING INDEX PCTFREE 10 INITRANS 2 MAXTRANS 255 COMPUTE STATISTICS 
  STORAGE(INITIAL 65536 NEXT 1048576 MINEXTENTS 1 MAXEXTENTS 2147483645
  PCTINCREASE 0 FREELISTS 1 FREELIST GROUPS 1
  BUFFER_POOL DEFAULT FLASH_CACHE DEFAULT CELL_FLASH_CACHE DEFAULT)
  TABLESPACE "USERS"  ENABLE;
--------------------------------------------------------
--  Constraints for Table PRODUCT_REVIEW_TB
--------------------------------------------------------

  ALTER TABLE "ITN2024"."PRODUCT_REVIEW_TB" MODIFY ("PRID" NOT NULL ENABLE);
  ALTER TABLE "ITN2024"."PRODUCT_REVIEW_TB" MODIFY ("PDID" NOT NULL ENABLE);
  ALTER TABLE "ITN2024"."PRODUCT_REVIEW_TB" MODIFY ("WRITER" NOT NULL ENABLE);
  ALTER TABLE "ITN2024"."PRODUCT_REVIEW_TB" MODIFY ("INSERT_TIME" NOT NULL ENABLE);
  ALTER TABLE "ITN2024"."PRODUCT_REVIEW_TB" ADD CONSTRAINT "PRODUCT_REVIEW_TB_PK" PRIMARY KEY ("PRID")
  USING INDEX PCTFREE 10 INITRANS 2 MAXTRANS 255 COMPUTE STATISTICS 
  STORAGE(INITIAL 65536 NEXT 1048576 MINEXTENTS 1 MAXEXTENTS 2147483645
  PCTINCREASE 0 FREELISTS 1 FREELIST GROUPS 1
  BUFFER_POOL DEFAULT FLASH_CACHE DEFAULT CELL_FLASH_CACHE DEFAULT)
  TABLESPACE "USERS"  ENABLE;
--------------------------------------------------------
--  Constraints for Table SCREENING_TB
--------------------------------------------------------

  ALTER TABLE "ITN2024"."SCREENING_TB" MODIFY ("SCID" NOT NULL ENABLE);
  ALTER TABLE "ITN2024"."SCREENING_TB" MODIFY ("TITLE" NOT NULL ENABLE);
  ALTER TABLE "ITN2024"."SCREENING_TB" MODIFY ("CINEMA" NOT NULL ENABLE);
  ALTER TABLE "ITN2024"."SCREENING_TB" MODIFY ("BRANCH" NOT NULL ENABLE);
  ALTER TABLE "ITN2024"."SCREENING_TB" MODIFY ("THEATER" NOT NULL ENABLE);
  ALTER TABLE "ITN2024"."SCREENING_TB" MODIFY ("SEATS" NOT NULL ENABLE);
  ALTER TABLE "ITN2024"."SCREENING_TB" MODIFY ("REMAIN_SEATS" NOT NULL ENABLE);
  ALTER TABLE "ITN2024"."SCREENING_TB" MODIFY ("ADDRESS" NOT NULL ENABLE);
  ALTER TABLE "ITN2024"."SCREENING_TB" MODIFY ("SHOWING_TIME" NOT NULL ENABLE);
  ALTER TABLE "ITN2024"."SCREENING_TB" MODIFY ("INSERT_TIME" NOT NULL ENABLE);
  ALTER TABLE "ITN2024"."SCREENING_TB" ADD CONSTRAINT "SCREENING_TB_PK" PRIMARY KEY ("SCID")
  USING INDEX PCTFREE 10 INITRANS 2 MAXTRANS 255 COMPUTE STATISTICS 
  STORAGE(INITIAL 65536 NEXT 1048576 MINEXTENTS 1 MAXEXTENTS 2147483645
  PCTINCREASE 0 FREELISTS 1 FREELIST GROUPS 1
  BUFFER_POOL DEFAULT FLASH_CACHE DEFAULT CELL_FLASH_CACHE DEFAULT)
  TABLESPACE "USERS"  ENABLE;
  ALTER TABLE "ITN2024"."SCREENING_TB" MODIFY ("CITY" NOT NULL ENABLE);
  ALTER TABLE "ITN2024"."SCREENING_TB" MODIFY ("START_TIME" NOT NULL ENABLE);
  ALTER TABLE "ITN2024"."SCREENING_TB" MODIFY ("END_TIME" NOT NULL ENABLE);
--------------------------------------------------------
--  Constraints for Table INQUIRY_TB
--------------------------------------------------------

  ALTER TABLE "ITN2024"."INQUIRY_TB" MODIFY ("INID" NOT NULL ENABLE);
  ALTER TABLE "ITN2024"."INQUIRY_TB" MODIFY ("INSERT_TIME" NOT NULL ENABLE);
  ALTER TABLE "ITN2024"."INQUIRY_TB" ADD CONSTRAINT "INQUIRY_TB_PK" PRIMARY KEY ("INID")
  USING INDEX PCTFREE 10 INITRANS 2 MAXTRANS 255 COMPUTE STATISTICS 
  STORAGE(INITIAL 65536 NEXT 1048576 MINEXTENTS 1 MAXEXTENTS 2147483645
  PCTINCREASE 0 FREELISTS 1 FREELIST GROUPS 1
  BUFFER_POOL DEFAULT FLASH_CACHE DEFAULT CELL_FLASH_CACHE DEFAULT)
  TABLESPACE "USERS"  ENABLE;
  ALTER TABLE "ITN2024"."INQUIRY_TB" MODIFY ("CONTENTS" NOT NULL ENABLE);
--------------------------------------------------------
--  Constraints for Table MEMBER_TB
--------------------------------------------------------

  ALTER TABLE "ITN2024"."MEMBER_TB" MODIFY ("PASSWORD" NOT NULL ENABLE);
  ALTER TABLE "ITN2024"."MEMBER_TB" MODIFY ("EMAIL" NOT NULL ENABLE);
  ALTER TABLE "ITN2024"."MEMBER_TB" ADD CONSTRAINT "MEMBER_TB_PK" PRIMARY KEY ("EMAIL")
  USING INDEX PCTFREE 10 INITRANS 2 MAXTRANS 255 COMPUTE STATISTICS 
  STORAGE(INITIAL 65536 NEXT 1048576 MINEXTENTS 1 MAXEXTENTS 2147483645
  PCTINCREASE 0 FREELISTS 1 FREELIST GROUPS 1
  BUFFER_POOL DEFAULT FLASH_CACHE DEFAULT CELL_FLASH_CACHE DEFAULT)
  TABLESPACE "USERS"  ENABLE;
  ALTER TABLE "ITN2024"."MEMBER_TB" MODIFY ("PHONE" NOT NULL ENABLE);
  ALTER TABLE "ITN2024"."MEMBER_TB" MODIFY ("GRADE" NOT NULL ENABLE);
  ALTER TABLE "ITN2024"."MEMBER_TB" MODIFY ("INSERT_TIME" NOT NULL ENABLE);
--------------------------------------------------------
--  Constraints for Table PRODUCT_TB
--------------------------------------------------------

  ALTER TABLE "ITN2024"."PRODUCT_TB" MODIFY ("PDID" NOT NULL ENABLE);
  ALTER TABLE "ITN2024"."PRODUCT_TB" ADD CONSTRAINT "PRODUCT_TB_PK" PRIMARY KEY ("PDID")
  USING INDEX PCTFREE 10 INITRANS 2 MAXTRANS 255 COMPUTE STATISTICS 
  STORAGE(INITIAL 65536 NEXT 1048576 MINEXTENTS 1 MAXEXTENTS 2147483645
  PCTINCREASE 0 FREELISTS 1 FREELIST GROUPS 1
  BUFFER_POOL DEFAULT FLASH_CACHE DEFAULT CELL_FLASH_CACHE DEFAULT)
  TABLESPACE "USERS"  ENABLE;
  ALTER TABLE "ITN2024"."PRODUCT_TB" MODIFY ("TITLE" NOT NULL ENABLE);
  ALTER TABLE "ITN2024"."PRODUCT_TB" MODIFY ("INSERT_TIME" NOT NULL ENABLE);
--------------------------------------------------------
--  Constraints for Table CINEMA_TB
--------------------------------------------------------

  ALTER TABLE "ITN2024"."CINEMA_TB" MODIFY ("CINEMA" NOT NULL ENABLE);
  ALTER TABLE "ITN2024"."CINEMA_TB" MODIFY ("BRANCH" NOT NULL ENABLE);
  ALTER TABLE "ITN2024"."CINEMA_TB" MODIFY ("THEATER" NOT NULL ENABLE);
  ALTER TABLE "ITN2024"."CINEMA_TB" MODIFY ("SEATS" NOT NULL ENABLE);
  ALTER TABLE "ITN2024"."CINEMA_TB" MODIFY ("CITY" NOT NULL ENABLE);
  ALTER TABLE "ITN2024"."CINEMA_TB" MODIFY ("ADDRESS" NOT NULL ENABLE);
  ALTER TABLE "ITN2024"."CINEMA_TB" MODIFY ("INSERT_TIME" NOT NULL ENABLE);
--------------------------------------------------------
--  Ref Constraints for Table BOOK_TB
--------------------------------------------------------

  ALTER TABLE "ITN2024"."BOOK_TB" ADD CONSTRAINT "BOOK_TB_FK" FOREIGN KEY ("EMAIL")
	  REFERENCES "ITN2024"."MEMBER_TB" ("EMAIL") ENABLE;
  ALTER TABLE "ITN2024"."BOOK_TB" ADD CONSTRAINT "BOOK_TB_FK2" FOREIGN KEY ("SCID")
	  REFERENCES "ITN2024"."SCREENING_TB" ("SCID") ENABLE;
--------------------------------------------------------
--  Ref Constraints for Table FAQ_TB
--------------------------------------------------------

  ALTER TABLE "ITN2024"."FAQ_TB" ADD CONSTRAINT "FAQ_TB_FK" FOREIGN KEY ("WRITER")
	  REFERENCES "ITN2024"."MEMBER_TB" ("EMAIL") ENABLE;
--------------------------------------------------------
--  Ref Constraints for Table INQUIRY_ANSWER_TB
--------------------------------------------------------

  ALTER TABLE "ITN2024"."INQUIRY_ANSWER_TB" ADD CONSTRAINT "INQUIRY_ANSWER_TB_FK2" FOREIGN KEY ("WRITER")
	  REFERENCES "ITN2024"."MEMBER_TB" ("EMAIL") ON DELETE CASCADE ENABLE;
  ALTER TABLE "ITN2024"."INQUIRY_ANSWER_TB" ADD CONSTRAINT "INQUIRY_ANSWER_TB_FK" FOREIGN KEY ("INID")
	  REFERENCES "ITN2024"."INQUIRY_TB" ("INID") ENABLE;
--------------------------------------------------------
--  Ref Constraints for Table INQUIRY_TB
--------------------------------------------------------

  ALTER TABLE "ITN2024"."INQUIRY_TB" ADD CONSTRAINT "INQUIRY_TB_FK" FOREIGN KEY ("WRITER")
	  REFERENCES "ITN2024"."MEMBER_TB" ("EMAIL") ENABLE;
--------------------------------------------------------
--  Ref Constraints for Table PAYMENT_TB
--------------------------------------------------------

  ALTER TABLE "ITN2024"."PAYMENT_TB" ADD CONSTRAINT "PAYMENT_TB_FK" FOREIGN KEY ("EMAIL")
	  REFERENCES "ITN2024"."MEMBER_TB" ("EMAIL") ENABLE;
  ALTER TABLE "ITN2024"."PAYMENT_TB" ADD CONSTRAINT "PAYMENT_TB_FK2" FOREIGN KEY ("BOID")
	  REFERENCES "ITN2024"."BOOK_TB" ("BOID") ENABLE;
--------------------------------------------------------
--  Ref Constraints for Table PRODUCT_REVIEW_TB
--------------------------------------------------------

  ALTER TABLE "ITN2024"."PRODUCT_REVIEW_TB" ADD CONSTRAINT "PRODUCT_REVIEW_TB_FK" FOREIGN KEY ("PDID")
	  REFERENCES "ITN2024"."PRODUCT_TB" ("PDID") ON DELETE CASCADE ENABLE;
  ALTER TABLE "ITN2024"."PRODUCT_REVIEW_TB" ADD CONSTRAINT "PRODUCT_REVIEW_TB_FK2" FOREIGN KEY ("WRITER")
	  REFERENCES "ITN2024"."MEMBER_TB" ("EMAIL") ON DELETE CASCADE ENABLE;
